index,DATE,TEAM,OPPONENT,TIME IN,TIME OUT,TOTAL_TIME,SCORE IN,SCORE OUT,+/-,TEAM A,TEAM B,TEAM C,TEAM D,TEAM E,POSS,FGM,FGA,2ptFGM,2ptFGA,3ptFGM,3ptFGA,FTM,FTA,AST,TO,OREB,DREB,STL,BLK,FOULS,Opp_POSS.,Opp_FGM,Opp_FGA,Opp_2ptFGM,Opp_2ptFGA,Opp_3ptFGM,Opp_3ptFGA,Opp_FTM,Opp_FTA,Opp_AST,Opp_TO,Opp_OREB,Opp_DREB,Opp_STL,Opp_BLK,Opp_FOULS
0,11/06/18,DAVIDSON,CLEVELAND STATE,20:00,17:04,176,0-0,4-3,1,BRAJKOVIC.LUKA,FRAMPTON.LUKE,GRADY.KELLAN,GUDMUNDSSON.JONAX,PRITCHETT.KISHAWN,5.0,2,6,2,2,0,4,0,0,2,0,1,2,1,0,1,4.88,1,2,1,1,0,1,1,2,0,2,0,3,0,0,1
1,11/06/18,DAVIDSON,CLEVELAND STATE,17:04,15:58,66,4-3,8-6,1,EKWU.NATHAN,FRAMPTON.LUKE,GRADY.KELLAN,GUDMUNDSSON.JONAX,PRITCHETT.KISHAWN,2.0,2,2,2,2,0,0,0,0,1,0,0,0,0,0,1,2.44,1,1,1,1,0,0,1,1,1,1,0,0,0,0,1
3,11/06/18,DAVIDSON,CLEVELAND STATE,13:19,12:43,36,13-11,13-11,0,BRAJKOVIC.LUKA,COLLINS.CARTER,FRAMPTON.LUKE,GRADY.KELLAN,PRITCHETT.KISHAWN,1.0,0,2,0,0,0,2,0,0,0,0,1,1,0,0,0,1.0,0,1,0,0,0,1,0,0,0,0,0,1,0,0,1
4,11/06/18,DAVIDSON,CLEVELAND STATE,12:43,09:15,208,13-11,23-19,2,BRAJKOVIC.LUKA,COLLINS.CARTER,GRADY.KELLAN,GUDMUNDSSON.JONAX,PRITCHETT.KISHAWN,6.0,4,4,2,2,2,2,0,0,3,2,0,1,1,0,2,5.0,3,4,1,1,2,3,0,0,2,1,0,0,1,0,0
5,11/06/18,DAVIDSON,CLEVELAND STATE,09:15,07:14,121,23-19,26-22,0,COLLINS.CARTER,FRAMPTON.LUKE,GRADY.KELLAN,GUDMUNDSSON.JONAX,KOVACEVIC.DUSAN,5.0,1,2,0,0,1,2,0,0,1,3,0,3,0,0,1,5.0,1,4,0,3,1,1,0,0,1,1,0,1,0,1,0
6,11/06/18,DAVIDSON,CLEVELAND STATE,07:14,06:33,41,26-22,28-22,2,COLLINS.CARTER,GRADY.KELLAN,GUDMUNDSSON.JONAX,KOVACEVIC.DUSAN,PRITCHETT.KISHAWN,1.0,1,4,1,2,0,2,0,0,1,0,3,0,1,0,0,1.0,0,0,0,0,0,0,0,0,0,1,0,0,0,0,0
8,11/06/18,DAVIDSON,CLEVELAND STATE,06:18,05:51,27,28-22,28-22,0,CZERAPOWICZ.DAVID,EKWU.NATHAN,GRADY.KELLAN,GUDMUNDSSON.JONAX,PRITCHETT.KISHAWN,0.0,0,0,0,0,0,0,0,0,0,0,0,1,0,0,0,1.0,0,1,0,1,0,0,0,0,0,0,0,0,0,0,1
9,11/06/18,DAVIDSON,CLEVELAND STATE,05:51,03:39,132,28-22,36-26,4,BRAJKOVIC.LUKA,CZERAPOWICZ.DAVID,GRADY.KELLAN,GUDMUNDSSON.JONAX,PRITCHETT.KISHAWN,5.0,3,5,1,3,2,2,0,0,2,0,0,2,1,2,1,4.88,1,3,1,3,0,0,2,2,1,1,0,2,0,0,0
10,11/06/18,DAVIDSON,CLEVELAND STATE,03:39,01:37,122,36-26,39-29,0,CZERAPOWICZ.DAVID,GRADY.KELLAN,GUDMUNDSSON.JONAX,KOVACEVIC.DUSAN,PRITCHETT.KISHAWN,2.0,1,4,0,1,1,3,0,0,1,0,2,1,0,0,0,2.0,1,2,0,1,1,1,0,0,1,0,0,1,0,0,1
11,11/06/18,DAVIDSON,CLEVELAND STATE,01:37,00:29,68,39-29,39-31,-2,CZERAPOWICZ.DAVID,EKWU.NATHAN,GRADY.KELLAN,GUDMUNDSSON.JONAX,PRITCHETT.KISHAWN,2.4400000000000004,0,4,0,0,0,4,0,1,0,0,2,0,0,0,0,3.0,1,1,1,1,0,0,0,0,1,2,0,3,0,0,1
12,11/06/18,DAVIDSON,CLEVELAND STATE,00:29,00:00,29,39-31,42-31,3,EKWU.NATHAN,FRAMPTON.LUKE,GRADY.KELLAN,GUDMUNDSSON.JONAX,PRITCHETT.KISHAWN,1.0,1,1,0,0,1,1,0,0,1,0,0,0,0,0,0,0.0,0,0,0,0,0,0,0,0,0,0,0,0,0,0,0
13,11/06/18,DAVIDSON,CLEVELAND STATE,20:00,18:57,63,42-31,42-33,-2,BRAJKOVIC.LUKA,FRAMPTON.LUKE,GRADY.KELLAN,GUDMUNDSSON.JONAX,PRITCHETT.KISHAWN,1.0,0,1,0,0,0,1,0,0,0,0,0,1,0,0,0,2.0,1,2,1,2,0,0,0,0,0,0,0,1,0,0,0
14,11/06/18,DAVIDSON,CLEVELAND STATE,18:57,17:07,110,42-33,45-35,1,BRAJKOVIC.LUKA,COLLINS.CARTER,GRADY.KELLAN,GUDMUNDSSON.JONAX,PRITCHETT.KISHAWN,3.0,1,3,0,1,1,2,0,0,0,0,0,1,0,0,0,3.0,1,2,1,2,0,0,0,0,1,1,0,2,0,0,1
15,11/06/18,DAVIDSON,CLEVELAND STATE,17:07,15:39,88,45-35,50-35,5,BRAJKOVIC.LUKA,FRAMPTON.LUKE,GRADY.KELLAN,GUDMUNDSSON.JONAX,PRITCHETT.KISHAWN,3.3200000000000003,1,3,1,2,0,1,3,3,0,0,1,2,0,0,0,2.0,0,2,0,2,0,0,0,0,0,0,0,1,0,0,3
16,11/06/18,DAVIDSON,CLEVELAND STATE,15:39,13:46,113,50-35,52-38,-1,EKWU.NATHAN,FRAMPTON.LUKE,GRADY.KELLAN,GUDMUNDSSON.JONAX,PRITCHETT.KISHAWN,3.0,1,2,1,2,0,0,0,0,0,2,1,1,1,0,1,4.0,1,2,0,1,1,1,0,0,1,2,0,0,0,0,0
17,11/06/18,DAVIDSON,CLEVELAND STATE,13:46,12:58,48,52-38,54-41,-1,BRAJKOVIC.LUKA,FRAMPTON.LUKE,GRADY.KELLAN,GUDMUNDSSON.JONAX,PRITCHETT.KISHAWN,1.88,0,1,0,1,0,0,2,2,0,0,0,0,0,0,0,1.0,1,1,0,0,1,1,0,0,1,0,0,1,0,0,1
18,11/06/18,DAVIDSON,CLEVELAND STATE,12:58,11:26,92,54-41,59-47,-1,BRAJKOVIC.LUKA,COLLINS.CARTER,FRAMPTON.LUKE,GRADY.KELLAN,GUDMUNDSSON.JONAX,3.0,2,3,1,2,1,1,0,0,1,1,1,0,0,0,2,2.88,2,2,1,1,1,1,1,2,2,0,0,0,1,0,0
19,11/06/18,DAVIDSON,CLEVELAND STATE,11:26,10:54,32,59-47,61-49,0,FRAMPTON.LUKE,GRADY.KELLAN,GUDMUNDSSON.JONAX,KOVACEVIC.DUSAN,PRITCHETT.KISHAWN,1.0,1,1,1,1,0,0,0,0,1,0,0,0,0,0,1,1.0,1,1,1,1,0,0,0,0,0,0,0,0,0,0,0
20,11/06/18,DAVIDSON,CLEVELAND STATE,10:54,09:49,65,61-49,66-50,4,EKWU.NATHAN,FRAMPTON.LUKE,GRADY.KELLAN,GUDMUNDSSON.JONAX,PRITCHETT.KISHAWN,2.88,1,4,0,3,1,1,2,2,1,1,3,0,1,0,2,2.88,0,0,0,0,0,0,1,2,0,2,0,0,0,0,1
21,11/06/18,DAVIDSON,CLEVELAND STATE,09:49,07:57,112,66-50,68-53,-1,COLLINS.CARTER,EKWU.NATHAN,GRADY.KELLAN,GUDMUNDSSON.JONAX,PRITCHETT.KISHAWN,2.0,1,3,1,1,0,2,0,0,0,0,1,0,0,0,2,1.7599999999999998,0,1,0,1,0,0,3,4,0,1,2,1,0,0,0
22,11/06/18,DAVIDSON,CLEVELAND STATE,07:57,05:44,133,68-53,73-55,3,COLLINS.CARTER,FRAMPTON.LUKE,GRADY.KELLAN,GUDMUNDSSON.JONAX,KOVACEVIC.DUSAN,4.32,2,4,2,4,0,0,1,3,1,1,2,2,0,0,2,4.76,0,1,0,0,0,1,2,4,0,2,0,1,0,0,3
23,11/06/18,DAVIDSON,CLEVELAND STATE,05:44,03:53,111,73-55,73-57,-2,COLLINS.CARTER,FRAMPTON.LUKE,GRADY.KELLAN,GUDMUNDSSON.JONAX,JONES.BATES,3.0,0,2,0,2,0,0,0,0,0,1,0,2,0,0,0,3.0,1,3,1,1,0,2,0,0,0,0,0,2,0,0,0
24,11/06/18,DAVIDSON,CLEVELAND STATE,03:53,01:19,154,73-57,83-57,10,BRAJKOVIC.LUKA,FRAMPTON.LUKE,GRADY.KELLAN,GUDMUNDSSON.JONAX,PRITCHETT.KISHAWN,3.88,3,4,1,2,2,2,2,2,3,0,1,4,0,0,1,3.88,0,3,0,1,0,2,0,2,0,0,0,0,0,0,1
0,11/09/18,DAVIDSON,DARTMOUTH,20:00,15:56,244,0-0,11-6,5,BRAJKOVIC.LUKA,FRAMPTON.LUKE,GRADY.KELLAN,GUDMUNDSSON.JONAX,PRITCHETT.KISHAWN,7.44,5,7,5,6,0,1,1,1,3,0,0,2,0,0,0,7.0,3,5,3,3,0,2,0,0,2,2,0,2,0,0,1
1,11/09/18,DAVIDSON,DARTMOUTH,15:56,12:25,211,11-6,13-12,-4,COLLINS.CARTER,EKWU.NATHAN,FRAMPTON.LUKE,GRADY.KELLAN,GUDMUNDSSON.JONAX,6.0,1,5,1,3,0,2,0,0,1,2,1,3,0,0,1,6.0,2,5,0,0,2,5,0,0,2,1,0,3,0,1,1
2,11/09/18,DAVIDSON,DARTMOUTH,12:25,09:28,177,13-12,20-15,4,COLLINS.CARTER,GRADY.KELLAN,GUDMUNDSSON.JONAX,KOVACEVIC.DUSAN,PRITCHETT.KISHAWN,4.0,3,4,2,3,1,1,0,0,1,0,0,4,0,0,0,5.0,1,6,0,3,1,3,0,0,1,0,1,1,0,0,0
3,11/09/18,DAVIDSON,DARTMOUTH,09:28,06:51,157,20-15,24-22,-3,BRAJKOVIC.LUKA,COLLINS.CARTER,FRAMPTON.LUKE,GRADY.KELLAN,PRITCHETT.KISHAWN,4.0,2,4,2,4,0,0,0,0,0,0,0,1,0,0,2,3.88,2,3,1,1,1,2,2,2,1,0,0,2,0,0,0
5,11/09/18,DAVIDSON,DARTMOUTH,04:23,04:04,19,28-32,30-35,-1,BRAJKOVIC.LUKA,FRAMPTON.LUKE,GRADY.KELLAN,GUDMUNDSSON.JONAX,PRITCHETT.KISHAWN,0.8799999999999999,0,1,0,1,0,0,2,2,0,0,1,0,0,0,0,1.0,1,1,0,0,1,1,0,0,1,0,0,0,0,0,2
6,11/09/18,DAVIDSON,DARTMOUTH,04:04,03:48,16,30-35,30-35,0,FRAMPTON.LUKE,GRADY.KELLAN,GUDMUNDSSON.JONAX,KOVACEVIC.DUSAN,PRITCHETT.KISHAWN,0.0,0,0,0,0,0,0,0,0,0,0,0,0,0,0,1,0.0,0,0,0,0,0,0,0,0,0,0,0,0,0,0,0
10,11/09/18,DAVIDSON,DARTMOUTH,00:06,00:00,6,32-40,33-40,1,BRAJKOVIC.LUKA,FRAMPTON.LUKE,GRADY.KELLAN,GUDMUNDSSON.JONAX,PRITCHETT.KISHAWN,1.88,0,1,0,0,0,1,1,2,0,0,0,0,0,0,0,0.0,0,0,0,0,0,0,0,0,0,0,0,1,0,0,1
11,11/09/18,DAVIDSON,DARTMOUTH,20:00,16:25,215,33-40,41-48,0,BRAJKOVIC.LUKA,FRAMPTON.LUKE,GRADY.KELLAN,GUDMUNDSSON.JONAX,PRITCHETT.KISHAWN,7.0,4,7,4,7,0,0,0,0,0,0,0,2,0,0,1,7.0,3,5,1,2,2,3,0,0,3,2,0,3,0,0,1
12,11/09/18,DAVIDSON,DARTMOUTH,16:25,15:09,76,41-48,42-50,-1,BRAJKOVIC.LUKA,COLLINS.CARTER,GRADY.KELLAN,GUDMUNDSSON.JONAX,PRITCHETT.KISHAWN,1.88,0,1,0,1,0,0,1,2,0,0,0,1,0,1,0,2.0,1,3,1,2,0,1,0,0,0,0,1,2,0,0,4
13,11/09/18,DAVIDSON,DARTMOUTH,15:09,14:00,69,42-50,46-56,-2,COLLINS.CARTER,FRAMPTON.LUKE,GRADY.KELLAN,GUDMUNDSSON.JONAX,PRITCHETT.KISHAWN,3.88,1,2,1,1,0,1,2,2,1,1,0,0,0,0,0,3.0,2,2,0,0,2,2,0,0,1,1,0,1,1,0,2
14,11/09/18,DAVIDSON,DARTMOUTH,14:00,09:18,282,46-56,57-64,3,BRAJKOVIC.LUKA,FRAMPTON.LUKE,GRADY.KELLAN,GUDMUNDSSON.JONAX,PRITCHETT.KISHAWN,6.880000000000001,5,10,4,6,1,4,0,2,2,1,5,2,1,0,5,6.6400000000000015,1,3,0,0,1,3,5,6,1,1,0,2,0,1,2
15,11/09/18,DAVIDSON,DARTMOUTH,09:18,06:02,196,57-64,64-69,2,COLLINS.CARTER,FRAMPTON.LUKE,GRADY.KELLAN,GUDMUNDSSON.JONAX,JONES.BATES,4.88,2,7,1,3,1,4,2,2,1,0,3,2,1,0,0,5.0,2,4,1,1,1,3,0,0,2,1,0,2,0,0,1
16,11/09/18,DAVIDSON,DARTMOUTH,06:02,03:43,139,64-69,68-76,-3,COLLINS.CARTER,FRAMPTON.LUKE,GRADY.KELLAN,GUDMUNDSSON.JONAX,PRITCHETT.KISHAWN,3.0,2,3,2,2,0,1,0,0,1,0,0,1,0,0,1,3.88,2,3,1,1,1,2,2,2,1,0,0,1,0,0,0
17,11/09/18,DAVIDSON,DARTMOUTH,03:43,01:53,110,68-76,73-76,5,BRAJKOVIC.LUKA,FRAMPTON.LUKE,GRADY.KELLAN,GUDMUNDSSON.JONAX,PRITCHETT.KISHAWN,3.44,2,3,2,3,0,0,1,1,1,0,0,2,0,0,0,2.0,0,3,0,2,0,1,0,0,0,0,1,1,0,0,1
18,11/09/18,DAVIDSON,DARTMOUTH,01:53,00:04,109,73-76,79-76,6,BRAJKOVIC.LUKA,COLLINS.CARTER,FRAMPTON.LUKE,GRADY.KELLAN,GUDMUNDSSON.JONAX,3.3200000000000003,1,3,0,2,1,1,3,3,1,0,1,2,0,0,0,3.0,0,2,0,2,0,0,0,0,0,1,0,1,0,0,1
19,11/09/18,DAVIDSON,DARTMOUTH,00:04,00:00,4,79-76,79-76,0,COLLINS.CARTER,FRAMPTON.LUKE,GRADY.KELLAN,GUDMUNDSSON.JONAX,PRITCHETT.KISHAWN,0.0,0,0,0,0,0,0,0,0,0,0,0,1,0,1,0,1.0,0,1,0,0,0,1,0,0,0,0,0,0,0,0,0
0,11/15/18,DAVIDSON,WICHITA STATE,20:00,16:14,226,0-0,5-5,0,BRAJKOVIC.LUKA,FRAMPTON.LUKE,GRADY.KELLAN,GUDMUNDSSON.JONAX,PRITCHETT.KISHAWN,6.0,2,6,1,4,1,2,0,0,0,1,1,2,1,0,0,6.0,2,4,1,1,1,3,0,0,1,2,0,2,0,1,2
1,11/15/18,DAVIDSON,WICHITA STATE,16:14,14:53,81,5-5,5-9,-4,COLLINS.CARTER,EKWU.NATHAN,FRAMPTON.LUKE,GRADY.KELLAN,GUDMUNDSSON.JONAX,2.0,0,0,0,0,0,0,0,0,0,2,0,0,0,0,1,2.0,2,2,2,2,0,0,0,0,1,0,0,0,1,0,0
2,11/15/18,DAVIDSON,WICHITA STATE,14:53,13:07,106,5-9,10-12,2,COLLINS.CARTER,EKWU.NATHAN,GRADY.KELLAN,GUDMUNDSSON.JONAX,PRITCHETT.KISHAWN,4.0,2,4,1,2,1,2,0,0,2,0,0,1,1,0,0,4.0,1,2,0,0,1,2,0,0,1,2,0,2,0,0,0
4,11/15/18,DAVIDSON,WICHITA STATE,11:56,09:18,158,12-12,12-20,-8,CZERAPOWICZ.DAVID,FRAMPTON.LUKE,GRADY.KELLAN,KOVACEVIC.DUSAN,PRITCHETT.KISHAWN,4.0,0,4,0,0,0,4,0,0,0,0,0,2,0,0,1,4.88,3,6,2,4,1,2,1,2,3,0,2,4,0,0,0
5,11/15/18,DAVIDSON,WICHITA STATE,09:18,04:14,304,12-20,17-27,-2,BRAJKOVIC.LUKA,FRAMPTON.LUKE,GRADY.KELLAN,GUDMUNDSSON.JONAX,PRITCHETT.KISHAWN,8.0,2,6,1,3,1,3,0,0,1,2,0,3,0,0,1,9.0,3,8,2,5,1,3,0,0,0,2,1,4,0,0,2
6,11/15/18,DAVIDSON,WICHITA STATE,04:14,03:32,42,17-27,22-27,5,COLLINS.CARTER,EKWU.NATHAN,GRADY.KELLAN,GUDMUNDSSON.JONAX,PRITCHETT.KISHAWN,2.44,2,2,2,2,0,0,1,1,1,0,0,1,0,1,0,1.0,0,1,0,0,0,1,0,0,0,0,0,0,0,0,1
7,11/15/18,DAVIDSON,WICHITA STATE,03:32,01:49,103,22-27,22-29,-2,COLLINS.CARTER,EKWU.NATHAN,FRAMPTON.LUKE,GRADY.KELLAN,GUDMUNDSSON.JONAX,2.44,0,1,0,1,0,0,0,1,0,2,1,2,0,0,0,3.0,1,3,1,2,0,1,0,0,0,0,0,1,1,0,1
8,11/15/18,DAVIDSON,WICHITA STATE,01:49,00:48,61,22-29,24-30,1,FRAMPTON.LUKE,GRADY.KELLAN,GUDMUNDSSON.JONAX,KOVACEVIC.DUSAN,PRITCHETT.KISHAWN,1.0,1,1,1,1,0,0,0,0,0,0,0,2,0,0,1,1.88,0,1,0,1,0,0,1,2,0,0,0,0,0,0,0
9,11/15/18,DAVIDSON,WICHITA STATE,00:48,00:28,20,24-30,24-30,0,BRAJKOVIC.LUKA,FRAMPTON.LUKE,GRADY.KELLAN,GUDMUNDSSON.JONAX,PRITCHETT.KISHAWN,1.0,0,1,0,0,0,1,0,0,0,0,0,0,0,0,1,0.0,0,0,0,0,0,0,0,0,0,0,0,1,0,0,0
10,11/15/18,DAVIDSON,WICHITA STATE,00:28,00:00,28,24-30,27-32,1,BRAJKOVIC.LUKA,COLLINS.CARTER,GRADY.KELLAN,GUDMUNDSSON.JONAX,PRITCHETT.KISHAWN,1.0,1,1,0,0,1,1,0,0,0,0,0,0,0,0,0,1.0,1,1,1,1,0,0,0,0,0,0,0,0,0,0,0
11,11/15/18,DAVIDSON,WICHITA STATE,20:00,17:00,180,27-32,27-32,0,BRAJKOVIC.LUKA,FRAMPTON.LUKE,GRADY.KELLAN,GUDMUNDSSON.JONAX,PRITCHETT.KISHAWN,5.0,0,3,0,1,0,2,0,0,0,2,0,4,0,0,0,5.0,0,7,0,4,0,3,0,0,0,1,3,3,2,0,0
13,11/15/18,DAVIDSON,WICHITA STATE,15:28,11:05,263,27-37,36-37,9,BRAJKOVIC.LUKA,FRAMPTON.LUKE,GRADY.KELLAN,GUDMUNDSSON.JONAX,PRITCHETT.KISHAWN,6.0,4,6,3,4,1,2,0,0,2,0,0,5,0,0,3,5.0,0,6,0,5,0,1,0,0,0,0,1,2,0,1,4
14,11/15/18,DAVIDSON,WICHITA STATE,11:05,09:48,77,36-37,38-37,2,COLLINS.CARTER,GRADY.KELLAN,GUDMUNDSSON.JONAX,KOVACEVIC.DUSAN,PRITCHETT.KISHAWN,2.0,1,2,1,1,0,1,0,0,0,0,0,1,0,1,1,3.0,0,2,0,1,0,1,0,0,0,2,1,1,0,0,1
15,11/15/18,DAVIDSON,WICHITA STATE,09:48,09:23,25,38-37,38-37,0,BRAJKOVIC.LUKA,COLLINS.CARTER,GRADY.KELLAN,GUDMUNDSSON.JONAX,PRITCHETT.KISHAWN,1.0,0,0,0,0,0,0,0,0,0,1,0,1,0,0,0,1.0,0,1,0,0,0,1,0,0,0,0,0,0,0,0,0
16,11/15/18,DAVIDSON,WICHITA STATE,09:23,06:08,195,38-37,42-43,-2,BRAJKOVIC.LUKA,FRAMPTON.LUKE,GRADY.KELLAN,GUDMUNDSSON.JONAX,PRITCHETT.KISHAWN,5.88,1,5,1,2,0,3,2,2,1,1,1,2,0,0,1,5.88,2,4,1,1,1,3,1,2,2,1,0,3,1,0,2
17,11/15/18,DAVIDSON,WICHITA STATE,06:08,03:26,162,42-43,47-48,0,BRAJKOVIC.LUKA,COLLINS.CARTER,FRAMPTON.LUKE,GRADY.KELLAN,GUDMUNDSSON.JONAX,5.32,1,5,0,3,1,2,2,3,1,0,1,1,0,1,0,4.0,2,3,1,2,1,1,0,0,2,1,0,4,0,0,2
18,11/15/18,DAVIDSON,WICHITA STATE,03:26,00:12,194,47-48,55-50,6,BRAJKOVIC.LUKA,FRAMPTON.LUKE,GRADY.KELLAN,GUDMUNDSSON.JONAX,PRITCHETT.KISHAWN,6.32,2,3,1,1,1,2,3,3,1,2,0,3,1,0,1,4.88,0,3,0,2,0,1,2,2,0,1,0,0,1,0,2
19,11/15/18,DAVIDSON,WICHITA STATE,00:12,00:00,12,55-50,57-53,-1,COLLINS.CARTER,FRAMPTON.LUKE,GRADY.KELLAN,GUDMUNDSSON.JONAX,PRITCHETT.KISHAWN,0.88,0,0,0,0,0,0,2,2,0,0,0,1,0,0,0,2.0,1,2,0,0,1,2,0,0,0,0,0,0,0,0,1
0,11/16/18,DAVIDSON,PURDUE,20:00,16:54,186,0-0,5-6,-1,BRAJKOVIC.LUKA,FRAMPTON.LUKE,GRADY.KELLAN,GUDMUNDSSON.JONAX,PRITCHETT.KISHAWN,4.0,2,4,1,2,1,2,0,0,2,0,0,2,0,0,0,5.0,2,4,0,1,2,3,0,0,2,1,0,2,0,0,0
1,11/16/18,DAVIDSON,PURDUE,16:54,15:00,114,5-6,7-11,-3,EKWU.NATHAN,FRAMPTON.LUKE,GRADY.KELLAN,GUDMUNDSSON.JONAX,PRITCHETT.KISHAWN,3.0,1,1,1,1,0,0,0,0,1,2,0,0,0,0,1,2.0,2,4,1,3,1,1,0,0,1,0,2,0,0,0,0
2,11/16/18,DAVIDSON,PURDUE,15:00,12:50,130,7-11,11-13,2,COLLINS.CARTER,EKWU.NATHAN,GRADY.KELLAN,GUDMUNDSSON.JONAX,PRITCHETT.KISHAWN,4.0,2,4,2,2,0,2,0,0,1,0,0,2,0,0,0,4.0,1,3,1,1,0,2,0,0,0,1,0,2,0,0,0
3,11/16/18,DAVIDSON,PURDUE,12:50,11:19,91,11-13,11-16,-3,COLLINS.CARTER,CZERAPOWICZ.DAVID,FRAMPTON.LUKE,GRADY.KELLAN,KOVACEVIC.DUSAN,2.0,0,3,0,1,0,2,0,0,0,0,1,1,0,0,0,3.0,1,2,0,0,1,2,0,0,0,1,0,2,0,0,1
4,11/16/18,DAVIDSON,PURDUE,11:19,08:49,150,11-16,15-20,0,BRAJKOVIC.LUKA,COLLINS.CARTER,FRAMPTON.LUKE,GRADY.KELLAN,GUDMUNDSSON.JONAX,4.0,2,4,2,2,0,2,0,0,1,0,0,1,0,0,0,4.0,2,3,2,3,0,0,0,0,0,1,0,2,0,0,2
5,11/16/18,DAVIDSON,PURDUE,08:49,06:26,143,15-20,18-25,-2,FRAMPTON.LUKE,GRADY.KELLAN,GUDMUNDSSON.JONAX,KOVACEVIC.DUSAN,PRITCHETT.KISHAWN,5.0,1,2,0,1,1,1,0,0,1,3,0,2,0,0,1,5.0,2,4,1,1,1,3,0,0,1,1,0,1,2,0,0
8,11/16/18,DAVIDSON,PURDUE,04:33,03:16,77,23-28,23-28,0,BRAJKOVIC.LUKA,COLLINS.CARTER,CZERAPOWICZ.DAVID,GRADY.KELLAN,PRITCHETT.KISHAWN,2.0,0,1,0,1,0,0,0,0,0,1,0,1,1,0,0,3.0,0,1,0,1,0,0,0,0,0,2,0,1,1,0,0
9,11/16/18,DAVIDSON,PURDUE,03:16,00:18,178,23-28,26-31,0,BRAJKOVIC.LUKA,CZERAPOWICZ.DAVID,FRAMPTON.LUKE,GRADY.KELLAN,PRITCHETT.KISHAWN,5.0,1,3,0,0,1,3,0,0,1,2,0,3,0,0,1,4.0,1,4,0,2,1,2,0,0,1,0,0,2,0,0,0
10,11/16/18,DAVIDSON,PURDUE,00:18,00:00,18,26-31,26-33,-2,BRAJKOVIC.LUKA,COLLINS.CARTER,FRAMPTON.LUKE,GRADY.KELLAN,PRITCHETT.KISHAWN,0.0,0,0,0,0,0,0,0,0,0,0,0,0,0,0,0,1.0,1,2,1,2,0,0,0,0,0,0,1,0,0,0,0
11,11/16/18,DAVIDSON,PURDUE,20:00,17:59,121,26-33,28-37,-2,BRAJKOVIC.LUKA,FRAMPTON.LUKE,GRADY.KELLAN,GUDMUNDSSON.JONAX,PRITCHETT.KISHAWN,3.0,1,1,1,1,0,0,0,0,1,2,0,2,0,0,1,3.4400000000000004,2,5,2,4,0,1,0,1,1,0,2,0,0,0,0
14,11/16/18,DAVIDSON,PURDUE,16:37,15:33,64,28-41,30-41,2,EKWU.NATHAN,FRAMPTON.LUKE,GRADY.KELLAN,GUDMUNDSSON.JONAX,PRITCHETT.KISHAWN,1.0,1,1,1,1,0,0,0,0,1,0,0,1,0,0,1,1.0,0,2,0,0,0,2,0,0,0,0,1,0,0,0,0
15,11/16/18,DAVIDSON,PURDUE,15:33,15:01,32,30-41,30-44,-3,FRAMPTON.LUKE,GRADY.KELLAN,GUDMUNDSSON.JONAX,KOVACEVIC.DUSAN,PRITCHETT.KISHAWN,1.0,0,0,0,0,0,0,0,0,0,1,0,0,0,0,1,1.0,1,1,0,0,1,1,0,0,1,0,0,0,0,0,1
16,11/16/18,DAVIDSON,PURDUE,15:01,12:51,130,30-44,33-47,0,COLLINS.CARTER,GRADY.KELLAN,GUDMUNDSSON.JONAX,KOVACEVIC.DUSAN,PRITCHETT.KISHAWN,3.0,1,2,0,0,1,2,0,0,1,1,0,2,0,0,0,4.0,1,4,0,1,1,3,0,0,0,1,1,1,0,0,1
17,11/16/18,DAVIDSON,PURDUE,12:51,12:24,27,33-47,33-47,0,COLLINS.CARTER,FRAMPTON.LUKE,GRADY.KELLAN,GUDMUNDSSON.JONAX,KOVACEVIC.DUSAN,1.0,0,1,0,0,0,1,0,0,0,0,0,0,0,0,1,0.0,0,0,0,0,0,0,0,0,0,0,0,1,0,0,0
18,11/16/18,DAVIDSON,PURDUE,12:24,12:19,5,33-47,33-50,-3,COLLINS.CARTER,CZERAPOWICZ.DAVID,GRADY.KELLAN,GUDMUNDSSON.JONAX,KOVACEVIC.DUSAN,0.0,0,0,0,0,0,0,0,0,0,0,0,0,0,0,1,1.44,1,1,1,1,0,0,1,1,0,0,0,0,0,0,0
19,11/16/18,DAVIDSON,PURDUE,12:19,11:27,52,33-50,36-50,3,COLLINS.CARTER,CZERAPOWICZ.DAVID,GRADY.KELLAN,GUDMUNDSSON.JONAX,JONES.BATES,1.0,1,1,0,0,1,1,0,0,1,0,0,1,0,0,0,1.0,0,1,0,1,0,0,0,0,0,0,0,0,0,0,0
20,11/16/18,DAVIDSON,PURDUE,11:27,10:35,52,36-50,36-55,-5,COLLINS.CARTER,GRADY.KELLAN,GUDMUNDSSON.JONAX,JONES.BATES,KOVACEVIC.DUSAN,2.0,0,3,0,1,0,2,0,0,0,0,1,0,0,0,1,1.88,1,1,0,0,1,1,2,2,1,0,0,2,0,0,0
21,11/16/18,DAVIDSON,PURDUE,10:35,08:45,110,36-55,40-58,1,BRAJKOVIC.LUKA,COLLINS.CARTER,GRADY.KELLAN,GUDMUNDSSON.JONAX,JONES.BATES,3.88,1,3,0,2,1,1,1,2,0,1,1,1,1,0,0,3.0,1,2,0,0,1,2,0,0,1,1,0,1,0,1,2
22,11/16/18,DAVIDSON,PURDUE,08:45,07:22,83,40-58,43-60,1,BRAJKOVIC.LUKA,COLLINS.CARTER,CZERAPOWICZ.DAVID,GRADY.KELLAN,PRITCHETT.KISHAWN,1.0,1,1,0,0,1,1,0,0,0,0,0,1,0,1,1,1.88,0,5,0,1,0,4,2,2,0,0,4,0,0,0,0
23,11/16/18,DAVIDSON,PURDUE,07:22,04:27,175,43-60,48-69,-4,COLLINS.CARTER,FRAMPTON.LUKE,GRADY.KELLAN,GUDMUNDSSON.JONAX,PRITCHETT.KISHAWN,4.0,2,5,1,1,1,4,0,0,0,0,1,0,0,0,1,3.88,3,5,2,3,1,2,2,2,2,0,2,2,0,0,0
24,11/16/18,DAVIDSON,PURDUE,04:27,03:48,39,48-69,48-72,-3,FRAMPTON.LUKE,GRADY.KELLAN,GUDMUNDSSON.JONAX,JONES.BATES,PRITCHETT.KISHAWN,1.0,0,1,0,0,0,1,0,0,0,0,0,0,0,0,1,1.44,1,1,1,1,0,0,1,1,1,0,0,1,0,0,0
25,11/16/18,DAVIDSON,PURDUE,03:48,00:54,174,48-72,55-78,1,CZERAPOWICZ.DAVID,FRAMPTON.LUKE,GRADY.KELLAN,GUDMUNDSSON.JONAX,JONES.BATES,4.88,3,4,3,3,0,1,1,2,0,0,0,2,1,0,1,4.88,2,5,1,4,1,1,1,2,1,1,2,2,0,0,1
0,11/18/18,DAVIDSON,NORTHEASTERN,20:00,16:25,215,0-0,5-4,1,BRAJKOVIC.LUKA,FRAMPTON.LUKE,GRADY.KELLAN,GUDMUNDSSON.JONAX,PRITCHETT.KISHAWN,5.0,2,4,1,1,1,3,0,0,2,1,0,4,0,0,1,6.0,2,6,2,4,0,2,0,0,1,0,0,2,1,0,1
1,11/18/18,DAVIDSON,NORTHEASTERN,16:25,16:15,10,5-4,5-4,0,BRAJKOVIC.LUKA,COLLINS.CARTER,FRAMPTON.LUKE,GRADY.KELLAN,GUDMUNDSSON.JONAX,1.0,0,1,0,1,0,0,0,0,0,0,0,0,0,0,0,0.0,0,0,0,0,0,0,0,0,0,0,0,1,0,0,0
2,11/18/18,DAVIDSON,NORTHEASTERN,16:15,12:32,223,5-4,7-9,-3,COLLINS.CARTER,EKWU.NATHAN,FRAMPTON.LUKE,GRADY.KELLAN,GUDMUNDSSON.JONAX,6.0,1,5,1,4,0,1,0,0,1,1,0,4,0,0,2,5.88,1,5,0,1,1,4,2,2,1,0,0,4,1,0,0
3,11/18/18,DAVIDSON,NORTHEASTERN,12:32,07:14,318,7-9,20-18,4,COLLINS.CARTER,CZERAPOWICZ.DAVID,GRADY.KELLAN,KOVACEVIC.DUSAN,PRITCHETT.KISHAWN,8.0,5,7,2,3,3,4,0,0,3,2,1,2,1,0,2,9.0,4,8,3,4,1,4,0,0,2,2,1,1,2,0,0
4,11/18/18,DAVIDSON,NORTHEASTERN,07:14,03:22,232,20-18,24-21,1,BRAJKOVIC.LUKA,COLLINS.CARTER,CZERAPOWICZ.DAVID,FRAMPTON.LUKE,GRADY.KELLAN,5.88,1,7,0,1,1,6,1,2,1,0,2,3,0,1,0,5.0,1,5,0,1,1,4,0,0,1,1,1,4,0,0,3
5,11/18/18,DAVIDSON,NORTHEASTERN,03:22,02:01,81,24-21,26-26,-3,CZERAPOWICZ.DAVID,EKWU.NATHAN,FRAMPTON.LUKE,GRADY.KELLAN,PRITCHETT.KISHAWN,2.0,1,1,1,1,0,0,0,0,0,1,0,0,0,0,0,2.0,2,2,1,1,1,1,0,0,2,0,0,0,0,0,0
6,11/18/18,DAVIDSON,NORTHEASTERN,02:01,00:00,121,26-26,28-28,0,CZERAPOWICZ.DAVID,FRAMPTON.LUKE,GRADY.KELLAN,KOVACEVIC.DUSAN,PRITCHETT.KISHAWN,3.0,1,3,1,2,0,1,0,0,1,1,1,2,1,0,0,4.0,1,4,1,1,0,3,0,0,0,1,1,1,0,0,0
7,11/18/18,DAVIDSON,NORTHEASTERN,20:00,15:25,275,28-28,40-34,6,BRAJKOVIC.LUKA,FRAMPTON.LUKE,GRADY.KELLAN,GUDMUNDSSON.JONAX,PRITCHETT.KISHAWN,9.88,5,7,4,5,1,2,1,2,4,2,0,2,3,0,1,8.0,3,6,3,4,0,2,0,0,1,3,1,3,1,0,3
8,11/18/18,DAVIDSON,NORTHEASTERN,15:25,14:53,32,40-34,42-34,2,BRAJKOVIC.LUKA,COLLINS.CARTER,GRADY.KELLAN,GUDMUNDSSON.JONAX,PRITCHETT.KISHAWN,0.88,0,0,0,0,0,0,2,2,0,0,0,1,0,0,0,1.0,0,1,0,1,0,0,0,0,0,0,0,0,0,0,1
9,11/18/18,DAVIDSON,NORTHEASTERN,14:53,12:44,129,42-34,51-37,6,BRAJKOVIC.LUKA,COLLINS.CARTER,FRAMPTON.LUKE,GRADY.KELLAN,GUDMUNDSSON.JONAX,3.88,3,3,2,2,1,1,2,2,2,0,0,2,0,0,1,3.0,1,4,0,1,1,3,0,0,1,0,1,0,0,0,1
10,11/18/18,DAVIDSON,NORTHEASTERN,12:44,11:23,81,51-37,55-39,2,BRAJKOVIC.LUKA,COLLINS.CARTER,FRAMPTON.LUKE,GRADY.KELLAN,PRITCHETT.KISHAWN,2.0,2,2,2,2,0,0,0,0,2,0,0,0,1,0,0,2.0,1,2,1,2,0,0,0,0,0,1,1,0,0,0,0
11,11/18/18,DAVIDSON,NORTHEASTERN,11:23,09:18,125,55-39,58-41,1,COLLINS.CARTER,CZERAPOWICZ.DAVID,FRAMPTON.LUKE,GRADY.KELLAN,KOVACEVIC.DUSAN,3.0,1,3,0,0,1,3,0,0,1,1,1,1,0,0,1,3.0,1,3,1,2,0,1,0,0,0,1,1,1,1,0,0
13,11/18/18,DAVIDSON,NORTHEASTERN,07:45,06:06,99,58-44,58-48,-4,BRAJKOVIC.LUKA,COLLINS.CARTER,GRADY.KELLAN,GUDMUNDSSON.JONAX,PRITCHETT.KISHAWN,2.0,0,3,0,2,0,1,0,0,0,0,1,2,0,0,2,3.3200000000000003,1,2,1,1,0,1,2,3,1,0,0,2,0,0,0
14,11/18/18,DAVIDSON,NORTHEASTERN,06:06,04:44,82,58-48,63-51,2,BRAJKOVIC.LUKA,FRAMPTON.LUKE,GRADY.KELLAN,GUDMUNDSSON.JONAX,PRITCHETT.KISHAWN,2.3200000000000003,1,1,0,0,1,1,2,3,1,0,0,0,0,0,0,1.0,1,1,0,0,1,1,0,0,1,0,0,0,0,0,1
15,11/18/18,DAVIDSON,NORTHEASTERN,04:44,00:43,241,63-51,68-59,-3,BRAJKOVIC.LUKA,COLLINS.CARTER,FRAMPTON.LUKE,GRADY.KELLAN,GUDMUNDSSON.JONAX,7.76,1,4,1,4,0,0,3,4,0,3,1,3,1,0,1,7.879999999999999,2,6,0,2,2,4,2,2,2,2,1,3,2,0,3
17,11/18/18,DAVIDSON,NORTHEASTERN,00:30,00:00,30,68-59,71-59,3,COLLINS.CARTER,FRAMPTON.LUKE,GRADY.KELLAN,GUDMUNDSSON.JONAX,PRITCHETT.KISHAWN,1.76,0,0,0,0,0,0,3,4,0,0,0,1,1,1,0,2.0,0,2,0,1,0,1,0,0,0,1,1,0,0,0,2
0,11/24/18,DAVIDSON,NORTHEASTERN,20:00,17:43,137,0-0,4-7,-3,BRAJKOVIC.LUKA,FRAMPTON.LUKE,GRADY.KELLAN,GUDMUNDSSON.JONAX,PRITCHETT.KISHAWN,4.0,2,4,2,3,0,1,0,0,1,1,1,2,0,0,1,3.88,2,3,0,1,2,2,1,2,2,0,0,1,1,0,0
1,11/24/18,DAVIDSON,NORTHEASTERN,17:43,17:31,12,4-7,4-7,0,EKWU.NATHAN,FRAMPTON.LUKE,GRADY.KELLAN,GUDMUNDSSON.JONAX,PRITCHETT.KISHAWN,1.0,0,0,0,0,0,0,0,0,0,1,0,0,0,0,1,0.0,0,0,0,0,0,0,0,0,0,0,0,0,0,0,0
2,11/24/18,DAVIDSON,NORTHEASTERN,17:31,17:19,12,4-7,4-7,0,COLLINS.CARTER,EKWU.NATHAN,GRADY.KELLAN,GUDMUNDSSON.JONAX,PRITCHETT.KISHAWN,0.0,0,0,0,0,0,0,0,0,0,0,0,0,0,0,1,0.0,0,0,0,0,0,0,0,0,0,0,0,0,0,0,0
3,11/24/18,DAVIDSON,NORTHEASTERN,17:19,15:36,103,4-7,6-9,0,COLLINS.CARTER,GRADY.KELLAN,GUDMUNDSSON.JONAX,KOVACEVIC.DUSAN,PRITCHETT.KISHAWN,3.0,1,3,1,2,0,1,0,0,0,0,0,0,2,0,0,3.0,1,2,1,2,0,0,0,0,0,2,1,2,0,0,1
4,11/24/18,DAVIDSON,NORTHEASTERN,15:36,12:27,189,6-9,14-15,2,COLLINS.CARTER,FRAMPTON.LUKE,GRADY.KELLAN,GUDMUNDSSON.JONAX,KOVACEVIC.DUSAN,6.44,3,6,1,1,2,5,0,1,2,0,0,4,0,1,0,6.0,2,6,0,2,2,4,0,0,1,0,0,4,0,0,1
5,11/24/18,DAVIDSON,NORTHEASTERN,12:27,11:41,46,14-15,16-18,-1,BRAJKOVIC.LUKA,COLLINS.CARTER,GRADY.KELLAN,GUDMUNDSSON.JONAX,PRITCHETT.KISHAWN,0.88,0,0,0,0,0,0,2,2,0,0,0,0,0,0,0,1.0,1,1,0,0,1,1,0,0,1,0,0,0,0,0,1
6,11/24/18,DAVIDSON,NORTHEASTERN,11:41,08:19,202,16-18,20-22,0,BRAJKOVIC.LUKA,CZERAPOWICZ.DAVID,GRADY.KELLAN,GUDMUNDSSON.JONAX,PRITCHETT.KISHAWN,5.0,2,4,2,2,0,2,0,0,2,1,0,2,0,0,1,6.0,2,5,2,4,0,1,0,0,0,2,1,2,0,0,1
7,11/24/18,DAVIDSON,NORTHEASTERN,08:19,05:57,142,20-22,26-24,4,CZERAPOWICZ.DAVID,FRAMPTON.LUKE,GRADY.KELLAN,GUDMUNDSSON.JONAX,KOVACEVIC.DUSAN,3.0,2,4,0,2,2,2,0,0,2,0,1,2,0,0,0,3.0,1,3,1,3,0,0,0,0,1,0,0,1,0,0,1
8,11/24/18,DAVIDSON,NORTHEASTERN,05:57,04:52,65,26-24,29-24,3,BRAJKOVIC.LUKA,CZERAPOWICZ.DAVID,FRAMPTON.LUKE,GRADY.KELLAN,GUDMUNDSSON.JONAX,2.0,1,2,0,0,1,2,0,0,1,0,0,1,0,0,1,1.0,0,1,0,0,0,1,0,0,0,0,0,1,0,0,0
9,11/24/18,DAVIDSON,NORTHEASTERN,04:52,03:05,107,29-24,33-30,-2,BRAJKOVIC.LUKA,COLLINS.CARTER,CZERAPOWICZ.DAVID,GRADY.KELLAN,PRITCHETT.KISHAWN,2.0,2,2,2,2,0,0,0,0,0,0,0,1,0,0,2,3.44,3,3,3,3,0,0,0,1,2,0,0,0,0,0,1
10,11/24/18,DAVIDSON,NORTHEASTERN,03:05,01:45,80,33-30,37-30,4,BRAJKOVIC.LUKA,COLLINS.CARTER,GRADY.KELLAN,GUDMUNDSSON.JONAX,PRITCHETT.KISHAWN,2.88,1,3,1,2,0,1,2,2,0,1,2,0,2,0,0,2.0,0,0,0,0,0,0,0,0,0,2,0,0,0,0,1
11,11/24/18,DAVIDSON,NORTHEASTERN,01:45,00:00,105,37-30,41-32,2,BRAJKOVIC.LUKA,COLLINS.CARTER,FRAMPTON.LUKE,GRADY.KELLAN,GUDMUNDSSON.JONAX,1.88,1,2,1,2,0,0,2,2,0,0,1,1,0,0,0,3.0,1,3,1,2,0,1,0,0,0,1,1,0,0,0,1
12,11/24/18,DAVIDSON,NORTHEASTERN,20:00,16:23,217,41-32,50-38,3,BRAJKOVIC.LUKA,FRAMPTON.LUKE,GRADY.KELLAN,GUDMUNDSSON.JONAX,PRITCHETT.KISHAWN,6.440000000000001,4,7,3,5,1,2,0,1,1,1,2,3,1,1,3,6.76,1,4,1,3,0,1,4,4,0,1,0,2,1,0,1
14,11/24/18,DAVIDSON,NORTHEASTERN,15:36,14:32,64,52-40,52-44,-4,BRAJKOVIC.LUKA,COLLINS.CARTER,FRAMPTON.LUKE,GRADY.KELLAN,PRITCHETT.KISHAWN,2.0,0,2,0,0,0,2,0,0,0,0,0,0,0,0,2,2.44,1,1,0,0,1,1,1,1,1,1,0,2,0,0,1
15,11/24/18,DAVIDSON,NORTHEASTERN,14:32,12:40,112,52-44,54-48,-2,BRAJKOVIC.LUKA,CZERAPOWICZ.DAVID,FRAMPTON.LUKE,GRADY.KELLAN,PRITCHETT.KISHAWN,3.0,1,3,1,1,0,2,0,0,0,1,1,1,0,0,1,2.88,1,2,1,1,0,1,2,2,0,0,0,1,1,0,1
16,11/24/18,DAVIDSON,NORTHEASTERN,12:40,11:24,76,54-48,54-48,0,COLLINS.CARTER,CZERAPOWICZ.DAVID,GRADY.KELLAN,KOVACEVIC.DUSAN,PRITCHETT.KISHAWN,2.0,0,2,0,1,0,1,0,0,0,1,1,2,0,0,1,1.44,0,2,0,1,0,1,0,1,0,0,1,1,1,1,1
17,11/24/18,DAVIDSON,NORTHEASTERN,11:24,10:50,34,54-48,56-48,2,BRAJKOVIC.LUKA,COLLINS.CARTER,CZERAPOWICZ.DAVID,GRADY.KELLAN,PRITCHETT.KISHAWN,1.0,1,1,1,1,0,0,0,0,0,0,0,0,0,0,0,1.0,0,0,0,0,0,0,0,0,0,1,0,0,0,0,0
18,11/24/18,DAVIDSON,NORTHEASTERN,10:50,06:26,264,56-48,65-54,3,BRAJKOVIC.LUKA,FRAMPTON.LUKE,GRADY.KELLAN,GUDMUNDSSON.JONAX,PRITCHETT.KISHAWN,8.0,4,5,3,3,1,2,0,0,2,3,0,2,0,0,2,6.76,2,4,2,4,0,0,2,4,1,1,0,1,1,0,2
19,11/24/18,DAVIDSON,NORTHEASTERN,06:26,04:33,113,65-54,67-60,-4,BRAJKOVIC.LUKA,COLLINS.CARTER,GRADY.KELLAN,GUDMUNDSSON.JONAX,PRITCHETT.KISHAWN,2.88,0,2,0,2,0,0,2,2,0,1,1,0,1,0,1,3.44,2,2,1,1,1,1,1,1,2,1,0,1,1,1,1
20,11/24/18,DAVIDSON,NORTHEASTERN,04:33,02:13,140,67-60,69-66,-4,BRAJKOVIC.LUKA,COLLINS.CARTER,FRAMPTON.LUKE,GRADY.KELLAN,GUDMUNDSSON.JONAX,2.88,0,3,0,1,0,2,2,2,0,0,1,1,0,0,2,2.76,1,2,0,0,1,2,3,4,0,0,1,2,0,0,1
21,11/24/18,DAVIDSON,NORTHEASTERN,02:13,00:37,96,69-66,73-66,4,BRAJKOVIC.LUKA,FRAMPTON.LUKE,GRADY.KELLAN,GUDMUNDSSON.JONAX,PRITCHETT.KISHAWN,3.88,1,3,1,2,0,1,2,2,0,0,0,2,1,1,1,3.88,0,2,0,1,0,1,0,2,0,2,1,2,0,0,1
22,11/24/18,DAVIDSON,NORTHEASTERN,00:37,00:35,2,73-66,75-67,1,COLLINS.CARTER,FRAMPTON.LUKE,GRADY.KELLAN,GUDMUNDSSON.JONAX,PRITCHETT.KISHAWN,0.88,0,0,0,0,0,0,2,2,0,0,0,1,0,0,1,0.88,0,0,0,0,0,0,1,2,0,0,0,0,0,0,1
0,11/27/18,DAVIDSON,CHARLOTTE,20:00,15:35,265,0-0,9-7,2,BRAJKOVIC.LUKA,FRAMPTON.LUKE,GRADY.KELLAN,GUDMUNDSSON.JONAX,PRITCHETT.KISHAWN,5.88,3,5,2,2,1,3,2,2,3,0,0,1,0,0,1,5.88,2,3,1,1,1,2,2,2,0,2,0,2,0,0,3
1,11/27/18,DAVIDSON,CHARLOTTE,15:35,14:12,83,9-7,11-9,0,COLLINS.CARTER,EKWU.NATHAN,GRADY.KELLAN,GUDMUNDSSON.JONAX,PRITCHETT.KISHAWN,2.0,1,2,1,2,0,0,0,0,1,0,0,2,0,0,2,2.44,1,3,1,1,0,2,0,1,0,0,1,1,0,0,0
2,11/27/18,DAVIDSON,CHARLOTTE,14:12,13:39,33,11-9,13-10,1,CZERAPOWICZ.DAVID,EKWU.NATHAN,GRADY.KELLAN,GUDMUNDSSON.JONAX,PRITCHETT.KISHAWN,1.0,1,1,1,1,0,0,0,0,1,0,0,0,0,0,1,0.88,0,0,0,0,0,0,1,2,0,0,0,0,0,0,0
3,11/27/18,DAVIDSON,CHARLOTTE,13:39,12:13,86,13-10,19-12,4,CZERAPOWICZ.DAVID,EKWU.NATHAN,FRAMPTON.LUKE,GRADY.KELLAN,GUDMUNDSSON.JONAX,3.44,2,3,1,1,1,2,1,1,1,0,0,1,0,0,0,2.0,1,2,1,2,0,0,0,0,1,0,0,1,0,0,1
4,11/27/18,DAVIDSON,CHARLOTTE,12:13,11:18,55,19-12,19-12,0,CZERAPOWICZ.DAVID,FRAMPTON.LUKE,GRADY.KELLAN,GUDMUNDSSON.JONAX,KOVACEVIC.DUSAN,2.0,0,1,0,0,0,1,0,0,0,1,0,3,0,0,0,3.0,0,3,0,1,0,2,0,0,0,0,0,1,1,0,1
5,11/27/18,DAVIDSON,CHARLOTTE,11:18,10:23,55,19-12,21-13,1,BRAJKOVIC.LUKA,CZERAPOWICZ.DAVID,FRAMPTON.LUKE,GRADY.KELLAN,GUDMUNDSSON.JONAX,2.0,1,2,1,1,0,1,0,0,0,0,0,0,0,0,1,1.88,0,0,0,0,0,0,1,2,0,1,0,1,0,0,0
6,11/27/18,DAVIDSON,CHARLOTTE,10:23,06:48,215,21-13,25-20,-3,BRAJKOVIC.LUKA,CZERAPOWICZ.DAVID,GRADY.KELLAN,GUDMUNDSSON.JONAX,PRITCHETT.KISHAWN,5.0,2,3,2,2,0,1,0,0,2,2,0,2,0,0,0,5.0,3,5,2,4,1,1,0,0,3,0,0,1,1,0,0
7,11/27/18,DAVIDSON,CHARLOTTE,06:48,06:21,27,25-20,27-21,1,CZERAPOWICZ.DAVID,EKWU.NATHAN,GRADY.KELLAN,GUDMUNDSSON.JONAX,PRITCHETT.KISHAWN,1.0,1,1,1,1,0,0,0,0,1,0,0,0,0,0,1,0.88,0,0,0,0,0,0,1,2,0,0,0,0,0,0,0
8,11/27/18,DAVIDSON,CHARLOTTE,06:21,04:21,120,27-21,32-23,3,COLLINS.CARTER,CZERAPOWICZ.DAVID,EKWU.NATHAN,GRADY.KELLAN,GUDMUNDSSON.JONAX,3.0,2,2,1,1,1,1,0,0,0,1,0,1,0,0,1,2.0,1,2,1,2,0,0,0,0,0,0,0,0,0,0,0
9,11/27/18,DAVIDSON,CHARLOTTE,04:21,03:10,71,32-23,35-25,1,COLLINS.CARTER,CZERAPOWICZ.DAVID,GRADY.KELLAN,GUDMUNDSSON.JONAX,KOVACEVIC.DUSAN,2.44,1,2,1,2,0,0,1,1,0,0,0,1,0,0,0,2.0,1,2,1,1,0,1,0,0,0,0,0,1,0,0,1
10,11/27/18,DAVIDSON,CHARLOTTE,03:10,00:07,183,35-25,35-27,-2,BRAJKOVIC.LUKA,COLLINS.CARTER,CZERAPOWICZ.DAVID,GRADY.KELLAN,GUDMUNDSSON.JONAX,4.0,0,4,0,1,0,3,0,0,0,1,1,3,1,0,0,5.0,1,4,1,2,0,2,0,0,1,1,0,3,0,1,0
11,11/27/18,DAVIDSON,CHARLOTTE,00:07,00:00,7,35-27,35-27,0,BRAJKOVIC.LUKA,COLLINS.CARTER,FRAMPTON.LUKE,GRADY.KELLAN,GUDMUNDSSON.JONAX,0.0,0,0,0,0,0,0,0,0,0,0,0,1,0,0,0,1.0,0,1,0,0,0,1,0,0,0,0,0,0,0,0,0
12,11/27/18,DAVIDSON,CHARLOTTE,20:00,15:58,242,35-27,40-31,1,BRAJKOVIC.LUKA,FRAMPTON.LUKE,GRADY.KELLAN,GUDMUNDSSON.JONAX,PRITCHETT.KISHAWN,6.0,2,6,1,2,1,4,0,0,1,2,2,3,0,1,2,5.88,1,4,1,3,0,1,2,2,1,1,0,2,2,0,1
13,11/27/18,DAVIDSON,CHARLOTTE,15:58,14:32,86,40-31,46-34,3,EKWU.NATHAN,FRAMPTON.LUKE,GRADY.KELLAN,GUDMUNDSSON.JONAX,PRITCHETT.KISHAWN,2.0,2,2,0,0,2,2,0,0,2,0,0,0,0,0,2,1.44,1,2,1,1,0,1,1,1,0,0,1,0,0,0,0
16,11/27/18,DAVIDSON,CHARLOTTE,12:49,12:07,42,51-39,53-39,2,BRAJKOVIC.LUKA,COLLINS.CARTER,FRAMPTON.LUKE,GRADY.KELLAN,PRITCHETT.KISHAWN,1.88,0,0,0,0,0,0,2,2,0,1,0,1,0,0,0,1.0,0,1,0,0,0,1,0,0,0,0,0,0,1,0,1
17,11/27/18,DAVIDSON,CHARLOTTE,12:07,10:04,123,53-39,56-42,0,BRAJKOVIC.LUKA,CZERAPOWICZ.DAVID,FRAMPTON.LUKE,GRADY.KELLAN,PRITCHETT.KISHAWN,2.0,1,2,0,0,1,2,0,0,0,0,0,2,0,0,0,3.0,1,3,0,0,1,3,0,0,0,0,0,1,0,0,0
18,11/27/18,DAVIDSON,CHARLOTTE,10:04,08:35,89,56-42,61-46,1,EKWU.NATHAN,FRAMPTON.LUKE,GRADY.KELLAN,GUDMUNDSSON.JONAX,PRITCHETT.KISHAWN,2.0,2,2,1,1,1,1,0,0,2,0,0,0,0,1,2,1.7599999999999998,0,2,0,2,0,0,4,4,0,0,2,0,0,0,0
19,11/27/18,DAVIDSON,CHARLOTTE,08:35,07:20,75,61-46,63-46,2,BRAJKOVIC.LUKA,FRAMPTON.LUKE,GRADY.KELLAN,GUDMUNDSSON.JONAX,PRITCHETT.KISHAWN,1.88,0,1,0,0,0,1,2,2,0,0,0,1,0,0,0,1.0,0,1,0,0,0,1,0,0,0,0,0,1,0,0,1
20,11/27/18,DAVIDSON,CHARLOTTE,07:20,03:51,209,63-46,73-51,5,BRAJKOVIC.LUKA,COLLINS.CARTER,FRAMPTON.LUKE,GRADY.KELLAN,GUDMUNDSSON.JONAX,7.880000000000001,4,8,4,5,0,3,2,2,0,0,1,1,4,0,1,6.88,2,2,2,2,0,0,1,2,1,4,0,3,0,1,2
21,11/27/18,DAVIDSON,CHARLOTTE,03:51,02:05,106,73-51,76-54,0,COLLINS.CARTER,FRAMPTON.LUKE,GRADY.KELLAN,GUDMUNDSSON.JONAX,JONES.BATES,2.0,1,2,0,0,1,2,0,0,1,0,0,2,0,0,1,2.88,1,3,1,1,0,2,1,2,1,0,1,1,0,0,0
0,12/01/18,DAVIDSON,UNCW,20:00,18:52,68,0-0,5-0,5,BRAJKOVIC.LUKA,FRAMPTON.LUKE,GRADY.KELLAN,GUDMUNDSSON.JONAX,PRITCHETT.KISHAWN,2.0,2,2,1,1,1,1,0,0,1,0,0,1,0,0,1,1.0,0,1,0,1,0,0,0,0,0,0,0,0,0,0,0
1,12/01/18,DAVIDSON,UNCW,18:52,15:53,179,5-0,11-6,0,EKWU.NATHAN,FRAMPTON.LUKE,GRADY.KELLAN,GUDMUNDSSON.JONAX,PRITCHETT.KISHAWN,5.0,2,4,0,1,2,3,0,0,2,1,0,1,0,0,1,5.0,3,4,3,4,0,0,0,0,2,1,0,2,0,0,2
2,12/01/18,DAVIDSON,UNCW,15:53,14:19,94,11-6,14-9,0,COLLINS.CARTER,FRAMPTON.LUKE,GRADY.KELLAN,GUDMUNDSSON.JONAX,KOVACEVIC.DUSAN,2.0,1,1,0,0,1,1,0,0,1,1,0,1,0,0,2,2.88,1,3,1,1,0,2,1,2,0,0,1,0,1,0,0
3,12/01/18,DAVIDSON,UNCW,14:19,12:59,80,14-9,16-9,2,BRAJKOVIC.LUKA,COLLINS.CARTER,FRAMPTON.LUKE,GRADY.KELLAN,GUDMUNDSSON.JONAX,3.0,1,4,1,2,0,2,0,0,0,0,1,1,0,1,1,2.0,0,1,0,1,0,0,0,0,0,1,0,2,0,0,1
4,12/01/18,DAVIDSON,UNCW,12:59,11:37,82,16-9,18-13,-2,BRAJKOVIC.LUKA,COLLINS.CARTER,GRADY.KELLAN,GUDMUNDSSON.JONAX,PRITCHETT.KISHAWN,2.0,1,2,1,2,0,0,0,0,0,0,0,1,0,0,1,2.88,1,3,1,2,0,1,2,2,0,0,1,1,0,0,0
5,12/01/18,DAVIDSON,UNCW,11:37,08:15,202,18-13,23-24,-6,BRAJKOVIC.LUKA,CZERAPOWICZ.DAVID,GRADY.KELLAN,GUDMUNDSSON.JONAX,PRITCHETT.KISHAWN,6.0,2,5,1,1,1,4,0,0,1,1,0,2,0,0,2,5.76,3,4,0,0,3,4,2,4,3,0,0,3,0,0,0
6,12/01/18,DAVIDSON,UNCW,08:15,06:56,79,23-24,23-27,-3,COLLINS.CARTER,EKWU.NATHAN,FRAMPTON.LUKE,GRADY.KELLAN,GUDMUNDSSON.JONAX,1.0,0,1,0,0,0,1,0,0,0,0,0,0,0,0,0,1.0,1,2,0,0,1,2,0,0,1,0,1,1,0,0,1
8,12/01/18,DAVIDSON,UNCW,06:00,04:32,88,26-28,28-29,1,COLLINS.CARTER,FRAMPTON.LUKE,GRADY.KELLAN,GUDMUNDSSON.JONAX,JONES.BATES,4.0,1,2,1,1,0,1,0,0,0,2,0,1,2,0,2,3.88,0,1,0,0,0,1,1,2,0,2,0,1,1,0,0
9,12/01/18,DAVIDSON,UNCW,04:32,00:31,241,28-29,38-34,5,BRAJKOVIC.LUKA,COLLINS.CARTER,GRADY.KELLAN,GUDMUNDSSON.JONAX,JONES.BATES,7.76,3,5,2,3,1,2,3,4,2,1,0,5,0,0,3,6.76,1,6,1,3,0,3,3,4,0,0,1,2,0,0,4
12,12/01/18,DAVIDSON,UNCW,20:00,16:59,181,39-34,44-43,-4,BRAJKOVIC.LUKA,FRAMPTON.LUKE,GRADY.KELLAN,GUDMUNDSSON.JONAX,PRITCHETT.KISHAWN,4.88,1,3,0,0,1,3,2,2,1,1,0,1,0,0,3,4.88,3,5,2,3,1,2,2,2,2,0,1,2,0,0,2
13,12/01/18,DAVIDSON,UNCW,16:59,16:32,27,44-43,47-45,1,EKWU.NATHAN,FRAMPTON.LUKE,GRADY.KELLAN,GUDMUNDSSON.JONAX,PRITCHETT.KISHAWN,1.44,1,1,1,1,0,0,1,1,0,0,0,0,0,0,1,1.0,1,2,1,1,0,1,0,0,1,0,1,0,0,0,1
14,12/01/18,DAVIDSON,UNCW,16:32,16:06,26,47-45,47-45,0,COLLINS.CARTER,EKWU.NATHAN,FRAMPTON.LUKE,GRADY.KELLAN,GUDMUNDSSON.JONAX,1.0,0,0,0,0,0,0,0,0,0,1,0,1,0,0,0,1.0,0,1,0,1,0,0,0,0,0,0,0,0,0,0,0
15,12/01/18,DAVIDSON,UNCW,16:06,15:19,47,47-45,47-45,0,COLLINS.CARTER,FRAMPTON.LUKE,GRADY.KELLAN,GUDMUNDSSON.JONAX,KOVACEVIC.DUSAN,2.0,0,0,0,0,0,0,0,0,0,2,0,1,0,0,1,2.0,0,1,0,1,0,0,0,0,0,1,0,0,1,0,2
16,12/01/18,DAVIDSON,UNCW,15:19,14:53,26,47-45,47-47,-2,COLLINS.CARTER,GRADY.KELLAN,GUDMUNDSSON.JONAX,JONES.BATES,KOVACEVIC.DUSAN,0.0,0,0,0,0,0,0,0,0,0,0,0,1,0,0,1,1.44,1,1,1,1,0,0,0,1,1,0,0,0,0,0,1
17,12/01/18,DAVIDSON,UNCW,14:53,13:14,99,47-47,49-48,1,COLLINS.CARTER,GRADY.KELLAN,GUDMUNDSSON.JONAX,JONES.BATES,PRITCHETT.KISHAWN,2.0,1,2,1,1,0,1,0,0,0,0,0,1,0,0,1,1.88,0,5,0,4,0,1,1,2,0,0,4,1,0,0,0
18,12/01/18,DAVIDSON,UNCW,13:14,12:38,36,49-48,52-51,0,COLLINS.CARTER,GRADY.KELLAN,GUDMUNDSSON.JONAX,JONES.BATES,KOVACEVIC.DUSAN,1.0,1,1,0,0,1,1,0,0,0,0,0,0,0,0,0,0.0,1,1,0,0,1,1,0,0,1,0,1,0,0,0,0
19,12/01/18,DAVIDSON,UNCW,12:38,09:19,199,52-51,56-62,-7,COLLINS.CARTER,EKWU.NATHAN,GRADY.KELLAN,GUDMUNDSSON.JONAX,JONES.BATES,5.44,2,4,2,3,0,1,0,1,0,1,0,1,1,0,1,6.879999999999999,4,7,2,3,2,4,1,2,2,1,2,3,0,0,1
20,12/01/18,DAVIDSON,UNCW,09:19,08:41,38,56-62,58-62,2,BRAJKOVIC.LUKA,COLLINS.CARTER,FRAMPTON.LUKE,GRADY.KELLAN,GUDMUNDSSON.JONAX,0.88,0,0,0,0,0,0,2,2,0,0,0,1,0,0,0,1.0,0,1,0,0,0,1,0,0,0,1,1,0,0,0,2
21,12/01/18,DAVIDSON,UNCW,08:41,07:36,65,58-62,60-64,0,BRAJKOVIC.LUKA,COLLINS.CARTER,GRADY.KELLAN,GUDMUNDSSON.JONAX,PRITCHETT.KISHAWN,1.0,1,1,1,1,0,0,0,0,0,0,0,0,0,0,0,1.0,1,1,1,1,0,0,0,0,1,0,0,0,0,0,0
22,12/01/18,DAVIDSON,UNCW,07:36,05:49,107,60-64,67-67,4,BRAJKOVIC.LUKA,COLLINS.CARTER,FRAMPTON.LUKE,GRADY.KELLAN,GUDMUNDSSON.JONAX,3.0,3,3,2,2,1,1,0,0,1,0,0,0,0,0,1,2.88,1,1,1,1,0,0,1,2,0,1,0,0,0,0,1
23,12/01/18,DAVIDSON,UNCW,05:49,02:11,218,67-67,80-75,5,BRAJKOVIC.LUKA,COLLINS.CARTER,GRADY.KELLAN,GUDMUNDSSON.JONAX,PRITCHETT.KISHAWN,5.76,4,6,2,3,2,3,3,4,3,0,2,2,0,1,0,5.0,3,6,1,3,2,3,0,0,2,0,1,0,0,0,2
24,12/01/18,DAVIDSON,UNCW,02:11,01:30,41,80-75,82-78,-1,BRAJKOVIC.LUKA,COLLINS.CARTER,FRAMPTON.LUKE,GRADY.KELLAN,GUDMUNDSSON.JONAX,0.88,0,0,0,0,0,0,2,2,0,0,0,1,0,1,0,2.0,1,3,0,2,1,1,0,0,1,0,1,0,0,0,1
25,12/01/18,DAVIDSON,UNCW,01:30,00:33,57,82-78,87-81,2,BRAJKOVIC.LUKA,FRAMPTON.LUKE,GRADY.KELLAN,GUDMUNDSSON.JONAX,PRITCHETT.KISHAWN,1.88,1,2,0,0,1,2,2,2,1,0,1,0,0,0,0,1.0,1,1,0,0,1,1,0,0,1,0,0,0,0,0,1
26,12/01/18,DAVIDSON,UNCW,00:33,00:26,7,87-81,87-82,-1,COLLINS.CARTER,FRAMPTON.LUKE,GRADY.KELLAN,GUDMUNDSSON.JONAX,PRITCHETT.KISHAWN,0.0,0,0,0,0,0,0,0,0,0,0,0,0,0,0,1,0.88,0,0,0,0,0,0,1,2,0,0,0,0,0,0,0
27,12/01/18,DAVIDSON,UNCW,00:26,00:00,26,87-82,91-85,1,BRAJKOVIC.LUKA,COLLINS.CARTER,FRAMPTON.LUKE,GRADY.KELLAN,GUDMUNDSSON.JONAX,2.64,0,0,0,0,0,0,4,6,0,0,0,0,0,0,1,2.44,1,2,1,2,0,0,1,1,0,1,1,1,0,0,3
0,12/04/18,DAVIDSON,WINTHROP,20:00,16:58,182,0-0,7-8,-1,BRAJKOVIC.LUKA,FRAMPTON.LUKE,GRADY.KELLAN,GUDMUNDSSON.JONAX,PRITCHETT.KISHAWN,6.0,3,6,2,2,1,4,0,0,2,0,0,3,0,0,2,6.32,2,5,0,0,2,5,2,3,2,1,1,3,0,0,1
1,12/04/18,DAVIDSON,WINTHROP,16:58,15:37,81,7-8,12-13,0,FRAMPTON.LUKE,GRADY.KELLAN,GUDMUNDSSON.JONAX,KOVACEVIC.DUSAN,PRITCHETT.KISHAWN,3.44,2,3,2,2,0,1,1,1,0,0,0,0,0,0,0,2.0,2,2,1,1,1,1,0,0,1,0,0,1,0,0,1
2,12/04/18,DAVIDSON,WINTHROP,15:37,14:10,87,12-13,15-18,-2,COLLINS.CARTER,FRAMPTON.LUKE,GRADY.KELLAN,GUDMUNDSSON.JONAX,KOVACEVIC.DUSAN,3.0,1,3,0,1,1,2,0,0,1,1,1,1,0,0,0,3.0,2,3,1,2,1,1,0,0,2,0,0,1,0,0,0
3,12/04/18,DAVIDSON,WINTHROP,14:10,13:47,23,15-18,15-18,0,COLLINS.CARTER,FRAMPTON.LUKE,GRADY.KELLAN,GUDMUNDSSON.JONAX,JONES.BATES,0.0,0,0,0,0,0,0,0,0,0,0,0,1,0,0,0,1.0,0,1,0,0,0,1,0,0,0,0,0,0,0,0,0
4,12/04/18,DAVIDSON,WINTHROP,13:47,11:19,148,15-18,17-23,-3,COLLINS.CARTER,GRADY.KELLAN,GUDMUNDSSON.JONAX,JONES.BATES,PRITCHETT.KISHAWN,5.0,1,5,1,5,0,0,0,0,1,0,0,2,0,0,0,4.0,2,4,1,2,1,2,0,0,1,0,0,4,0,0,1
6,12/04/18,DAVIDSON,WINTHROP,09:41,07:57,104,24-23,31-30,0,BRAJKOVIC.LUKA,CZERAPOWICZ.DAVID,FRAMPTON.LUKE,GRADY.KELLAN,GUDMUNDSSON.JONAX,4.88,2,4,1,1,1,3,2,2,2,0,0,0,1,0,1,4.0,3,3,2,2,1,1,0,0,2,1,0,2,0,0,1
7,12/04/18,DAVIDSON,WINTHROP,07:57,07:01,56,31-30,33-30,2,BRAJKOVIC.LUKA,FRAMPTON.LUKE,GRADY.KELLAN,GUDMUNDSSON.JONAX,PRITCHETT.KISHAWN,1.88,0,1,0,1,0,0,2,2,0,0,0,1,0,0,0,2.0,0,1,0,0,0,1,0,0,0,1,0,1,0,1,2
8,12/04/18,DAVIDSON,WINTHROP,07:01,05:18,103,33-30,36-36,-3,BRAJKOVIC.LUKA,COLLINS.CARTER,FRAMPTON.LUKE,GRADY.KELLAN,PRITCHETT.KISHAWN,2.88,1,3,1,2,0,1,1,2,1,0,1,0,0,0,1,2.0,2,2,0,0,2,2,0,0,1,0,0,2,0,0,2
9,12/04/18,DAVIDSON,WINTHROP,05:18,04:51,27,36-36,38-36,2,BRAJKOVIC.LUKA,COLLINS.CARTER,GRADY.KELLAN,GUDMUNDSSON.JONAX,PRITCHETT.KISHAWN,0.88,0,0,0,0,0,0,2,2,0,0,0,1,0,0,0,1.0,0,1,0,1,0,0,0,0,0,0,0,0,0,0,1
10,12/04/18,DAVIDSON,WINTHROP,04:51,03:53,58,38-36,40-36,2,COLLINS.CARTER,GRADY.KELLAN,GUDMUNDSSON.JONAX,JONES.BATES,PRITCHETT.KISHAWN,1.88,0,1,0,1,0,0,2,2,0,0,0,2,0,0,1,2.0,0,2,0,0,0,2,0,0,0,0,0,1,0,0,1
11,12/04/18,DAVIDSON,WINTHROP,03:53,02:50,63,40-36,42-38,0,CZERAPOWICZ.DAVID,GRADY.KELLAN,GUDMUNDSSON.JONAX,KOVACEVIC.DUSAN,PRITCHETT.KISHAWN,1.88,0,1,0,1,0,0,2,2,0,0,0,1,0,0,0,2.0,1,2,1,1,0,1,0,0,1,0,0,1,0,0,1
12,12/04/18,DAVIDSON,WINTHROP,02:50,01:11,99,42-38,48-43,1,BRAJKOVIC.LUKA,CZERAPOWICZ.DAVID,GRADY.KELLAN,GUDMUNDSSON.JONAX,PRITCHETT.KISHAWN,4.0,2,4,0,0,2,4,0,0,2,0,0,1,0,1,1,4.0,2,3,1,2,1,1,0,0,2,1,0,2,0,0,0
13,12/04/18,DAVIDSON,WINTHROP,01:11,00:16,55,48-43,51-45,1,BRAJKOVIC.LUKA,COLLINS.CARTER,GRADY.KELLAN,GUDMUNDSSON.JONAX,PRITCHETT.KISHAWN,1.0,1,1,0,0,1,1,0,0,1,0,0,1,0,0,1,1.88,0,1,0,0,0,1,2,2,0,0,0,0,0,0,0
14,12/04/18,DAVIDSON,WINTHROP,00:16,00:00,16,51-45,51-45,0,FRAMPTON.LUKE,GRADY.KELLAN,GUDMUNDSSON.JONAX,JONES.BATES,PRITCHETT.KISHAWN,1.0,0,1,0,1,0,0,0,0,0,0,0,0,0,0,0,0.0,0,0,0,0,0,0,0,0,0,0,0,1,0,0,0
15,12/04/18,DAVIDSON,WINTHROP,20:00,16:43,197,51-45,58-50,2,BRAJKOVIC.LUKA,FRAMPTON.LUKE,GRADY.KELLAN,GUDMUNDSSON.JONAX,PRITCHETT.KISHAWN,7.44,3,5,2,3,1,2,0,1,1,2,0,3,1,0,2,7.0,2,6,1,3,1,3,0,0,1,2,1,3,1,0,2
16,12/04/18,DAVIDSON,WINTHROP,16:43,16:12,31,58-50,58-50,0,FRAMPTON.LUKE,GRADY.KELLAN,GUDMUNDSSON.JONAX,KOVACEVIC.DUSAN,PRITCHETT.KISHAWN,1.0,0,0,0,0,0,0,0,0,0,1,0,1,0,0,0,1.0,0,1,0,1,0,0,0,0,0,0,0,0,0,0,0
17,12/04/18,DAVIDSON,WINTHROP,16:12,15:41,31,58-50,58-50,0,COLLINS.CARTER,GRADY.KELLAN,GUDMUNDSSON.JONAX,KOVACEVIC.DUSAN,PRITCHETT.KISHAWN,1.0,0,1,0,1,0,0,0,0,0,0,0,1,0,0,1,1.0,0,1,0,0,0,1,0,0,0,0,0,1,0,0,0
19,12/04/18,DAVIDSON,WINTHROP,15:09,13:24,105,60-52,67-52,7,COLLINS.CARTER,GRADY.KELLAN,GUDMUNDSSON.JONAX,KOVACEVIC.DUSAN,PRITCHETT.KISHAWN,3.0,3,3,2,2,1,1,0,0,2,0,0,1,1,0,1,3.0,0,1,0,0,0,1,0,0,0,2,0,0,0,0,1
20,12/04/18,DAVIDSON,WINTHROP,13:24,12:15,69,67-52,70-58,-3,COLLINS.CARTER,FRAMPTON.LUKE,GRADY.KELLAN,GUDMUNDSSON.JONAX,KOVACEVIC.DUSAN,2.0,1,2,0,1,1,1,0,0,1,0,0,1,0,0,1,3.3200000000000003,1,2,0,1,1,1,3,3,1,0,0,1,0,0,0
21,12/04/18,DAVIDSON,WINTHROP,12:15,11:59,16,70-58,70-62,-4,BRAJKOVIC.LUKA,COLLINS.CARTER,FRAMPTON.LUKE,GRADY.KELLAN,GUDMUNDSSON.JONAX,1.0,0,0,0,0,0,0,0,0,0,1,0,0,0,0,1,1.88,1,1,1,1,0,0,2,2,0,0,0,0,1,0,0
22,12/04/18,DAVIDSON,WINTHROP,11:59,10:06,113,70-62,77-64,5,BRAJKOVIC.LUKA,CZERAPOWICZ.DAVID,FRAMPTON.LUKE,GRADY.KELLAN,GUDMUNDSSON.JONAX,4.0,3,4,2,3,1,1,0,0,0,0,0,1,1,0,0,4.0,1,2,1,1,0,1,0,0,0,2,0,1,0,0,2
23,12/04/18,DAVIDSON,WINTHROP,10:06,07:27,159,77-64,84-71,0,COLLINS.CARTER,FRAMPTON.LUKE,GRADY.KELLAN,GUDMUNDSSON.JONAX,JONES.BATES,4.88,2,4,1,1,1,3,2,2,2,0,0,2,0,0,1,4.88,2,4,1,2,1,2,2,2,1,0,0,2,0,0,1
24,12/04/18,DAVIDSON,WINTHROP,07:27,06:22,65,84-71,87-75,-1,BRAJKOVIC.LUKA,COLLINS.CARTER,GRADY.KELLAN,GUDMUNDSSON.JONAX,PRITCHETT.KISHAWN,2.0,1,1,0,0,1,1,0,0,1,1,0,1,0,0,1,2.88,1,2,1,1,0,1,2,2,1,0,0,0,1,0,0
25,12/04/18,DAVIDSON,WINTHROP,06:22,05:16,66,87-75,87-75,0,BRAJKOVIC.LUKA,FRAMPTON.LUKE,GRADY.KELLAN,GUDMUNDSSON.JONAX,PRITCHETT.KISHAWN,2.0,0,0,0,0,0,0,0,0,0,2,0,0,0,0,1,1.0,0,0,0,0,0,0,0,0,0,1,0,0,0,0,0
26,12/04/18,DAVIDSON,WINTHROP,05:16,03:23,113,87-75,91-78,1,FRAMPTON.LUKE,GRADY.KELLAN,GUDMUNDSSON.JONAX,JONES.BATES,PRITCHETT.KISHAWN,4.0,2,4,2,2,0,2,0,0,1,0,0,2,1,0,2,4.76,0,2,0,0,0,2,3,4,0,1,0,2,0,0,0
27,12/04/18,DAVIDSON,WINTHROP,03:23,01:12,131,91-78,97-81,3,BRAJKOVIC.LUKA,FRAMPTON.LUKE,GRADY.KELLAN,GUDMUNDSSON.JONAX,PRITCHETT.KISHAWN,5.0,3,5,3,5,0,0,0,0,0,2,2,1,1,0,2,4.76,0,1,0,0,0,1,3,4,0,2,0,0,1,0,0
28,12/04/18,DAVIDSON,WINTHROP,01:12,00:00,72,97-81,99-81,2,BRAJKOVIC.LUKA,FRAMPTON.LUKE,FREUNDLICH.CAL,GRADY.KELLAN,GUDMUNDSSON.JONAX,1.0,1,3,1,3,0,0,0,0,0,0,2,1,0,0,0,1.0,0,1,0,0,0,1,0,0,0,0,0,0,0,0,0
0,01/05/19,DAVIDSON,DUQUESNE,20:00,15:53,247,0-0,8-4,4,BRAJKOVIC.LUKA,FRAMPTON.LUKE,GRADY.KELLAN,GUDMUNDSSON.JONAX,PRITCHETT.KISHAWN,6.0,3,6,1,1,2,5,0,0,2,0,0,2,1,1,2,6.0,2,6,2,5,0,1,0,0,0,2,2,3,0,0,0
1,01/05/19,DAVIDSON,DUQUESNE,15:53,14:26,87,8-4,8-9,-5,BRAJKOVIC.LUKA,COLLINS.CARTER,GRADY.KELLAN,GUDMUNDSSON.JONAX,JONES.BATES,1.0,0,0,0,0,0,0,0,0,0,1,0,0,0,0,0,2.0,2,2,1,1,1,1,0,0,1,0,0,0,0,0,1
2,01/05/19,DAVIDSON,DUQUESNE,14:26,12:31,115,8-9,13-13,1,BRAJKOVIC.LUKA,COLLINS.CARTER,GRADY.KELLAN,GUDMUNDSSON.JONAX,PRITCHETT.KISHAWN,4.44,2,4,2,2,0,2,1,1,0,2,2,1,0,0,0,3.0,2,3,2,2,0,1,0,0,1,0,0,0,1,0,3
4,01/05/19,DAVIDSON,DUQUESNE,10:34,07:55,159,15-15,21-19,2,BRAJKOVIC.LUKA,FRAMPTON.LUKE,GRADY.KELLAN,GUDMUNDSSON.JONAX,PRITCHETT.KISHAWN,4.0,3,3,3,3,0,0,0,0,0,1,0,2,0,0,1,4.0,2,4,2,2,0,2,0,0,0,0,0,0,0,0,0
5,01/05/19,DAVIDSON,DUQUESNE,07:55,06:25,90,21-19,28-27,-1,BRAJKOVIC.LUKA,CZERAPOWICZ.DAVID,GRADY.KELLAN,GUDMUNDSSON.JONAX,PRITCHETT.KISHAWN,2.88,2,2,1,1,1,1,2,2,2,0,0,0,0,0,0,3.0,3,3,1,1,2,2,0,0,2,0,0,0,0,0,1
6,01/05/19,DAVIDSON,DUQUESNE,06:25,05:11,74,28-27,30-29,0,BRAJKOVIC.LUKA,COLLINS.CARTER,CZERAPOWICZ.DAVID,GRADY.KELLAN,GUDMUNDSSON.JONAX,1.88,0,1,0,0,0,1,2,2,0,0,0,1,0,0,0,3.0,1,3,1,2,0,1,0,0,0,1,1,1,0,0,1
7,01/05/19,DAVIDSON,DUQUESNE,05:11,04:04,67,30-29,32-31,0,BRAJKOVIC.LUKA,COLLINS.CARTER,GRADY.KELLAN,GUDMUNDSSON.JONAX,WYNTER.MALCOLM,2.0,1,2,1,2,0,0,0,0,0,0,0,0,0,0,0,2.0,1,1,1,1,0,0,0,0,1,1,0,1,0,1,1
8,01/05/19,DAVIDSON,DUQUESNE,04:04,01:51,133,32-31,38-38,-1,COLLINS.CARTER,GRADY.KELLAN,GUDMUNDSSON.JONAX,KOVACEVIC.DUSAN,WYNTER.MALCOLM,5.44,2,4,1,1,1,3,1,1,1,1,0,1,0,0,0,4.0,3,4,2,3,1,1,0,0,1,0,0,2,1,0,1
9,01/05/19,DAVIDSON,DUQUESNE,01:51,00:00,111,38-38,41-39,2,BRAJKOVIC.LUKA,COLLINS.CARTER,GRADY.KELLAN,GUDMUNDSSON.JONAX,PRITCHETT.KISHAWN,1.88,1,2,0,1,1,1,0,2,0,0,1,1,0,0,2,1.88,0,1,0,1,0,0,1,2,0,0,0,1,0,1,1
10,01/05/19,DAVIDSON,DUQUESNE,20:00,15:24,276,41-39,46-49,-5,BRAJKOVIC.LUKA,FRAMPTON.LUKE,GRADY.KELLAN,GUDMUNDSSON.JONAX,PRITCHETT.KISHAWN,8.0,2,7,1,2,1,5,0,0,2,2,1,3,0,1,1,8.88,4,10,4,8,0,2,2,2,0,1,3,4,2,0,1
16,01/05/19,DAVIDSON,DUQUESNE,12:35,08:59,216,48-51,56-51,8,BRAJKOVIC.LUKA,COLLINS.CARTER,FRAMPTON.LUKE,GRADY.KELLAN,GUDMUNDSSON.JONAX,5.44,3,4,2,3,1,1,1,1,3,1,0,1,2,0,1,5.0,0,3,0,1,0,2,0,0,0,4,2,1,0,1,1
17,01/05/19,DAVIDSON,DUQUESNE,08:59,07:20,99,56-51,56-54,-3,BRAJKOVIC.LUKA,COLLINS.CARTER,FRAMPTON.LUKE,GRADY.KELLAN,PRITCHETT.KISHAWN,2.0,0,1,0,0,0,1,0,0,0,1,0,1,0,0,1,2.44,1,2,1,2,0,0,1,1,1,0,0,1,0,0,0
18,01/05/19,DAVIDSON,DUQUESNE,07:20,05:05,135,56-54,58-59,-3,BRAJKOVIC.LUKA,FRAMPTON.LUKE,GRADY.KELLAN,GUDMUNDSSON.JONAX,PRITCHETT.KISHAWN,4.0,1,4,1,2,0,2,0,0,1,0,0,2,0,0,1,4.0,2,5,1,1,1,4,0,0,0,0,1,3,0,0,0
19,01/05/19,DAVIDSON,DUQUESNE,05:05,04:27,38,58-59,58-59,0,BRAJKOVIC.LUKA,COLLINS.CARTER,GRADY.KELLAN,GUDMUNDSSON.JONAX,PRITCHETT.KISHAWN,1.0,0,0,0,0,0,0,0,0,0,1,0,1,0,0,1,1.0,0,1,0,0,0,1,0,0,0,0,0,0,0,0,0
20,01/05/19,DAVIDSON,DUQUESNE,04:27,03:28,59,58-59,58-59,0,COLLINS.CARTER,EKWU.NATHAN,GRADY.KELLAN,GUDMUNDSSON.JONAX,PRITCHETT.KISHAWN,0.88,0,0,0,0,0,0,0,2,0,0,0,2,0,0,0,2.0,0,2,0,2,0,0,0,0,0,0,0,1,0,0,2
21,01/05/19,DAVIDSON,DUQUESNE,03:28,01:36,112,58-59,63-61,3,BRAJKOVIC.LUKA,FRAMPTON.LUKE,GRADY.KELLAN,GUDMUNDSSON.JONAX,PRITCHETT.KISHAWN,3.0,2,3,1,2,1,1,0,0,1,1,1,0,0,0,0,2.0,1,1,1,1,0,0,0,0,0,1,0,0,1,1,1
22,01/05/19,DAVIDSON,DUQUESNE,01:36,01:07,29,63-61,63-61,0,BRAJKOVIC.LUKA,COLLINS.CARTER,GRADY.KELLAN,GUDMUNDSSON.JONAX,PRITCHETT.KISHAWN,0.44,0,0,0,0,0,0,0,1,0,0,0,1,1,0,1,1.44,0,0,0,0,0,0,0,1,0,1,0,1,0,0,1
0,01/09/19,DAVIDSON,GEORGE MASON,20:00,18:32,88,0-0,0-2,-2,BRAJKOVIC.LUKA,FRAMPTON.LUKE,GRADY.KELLAN,GUDMUNDSSON.JONAX,PRITCHETT.KISHAWN,3.0,0,4,0,1,0,3,0,0,0,0,1,1,0,0,2,1.88,0,2,0,1,0,1,2,2,0,0,1,3,0,0,0
1,01/09/19,DAVIDSON,GEORGE MASON,18:32,14:37,235,0-2,6-2,6,EKWU.NATHAN,FRAMPTON.LUKE,GRADY.KELLAN,GUDMUNDSSON.JONAX,PRITCHETT.KISHAWN,7.0,3,7,3,7,0,0,0,0,1,0,0,4,2,0,0,7.0,0,4,0,3,0,1,0,0,0,3,0,4,0,0,1
2,01/09/19,DAVIDSON,GEORGE MASON,14:37,12:05,152,6-2,8-6,-2,COLLINS.CARTER,GRADY.KELLAN,GUDMUNDSSON.JONAX,JONES.BATES,PRITCHETT.KISHAWN,3.0,1,3,1,2,0,1,0,0,1,0,0,1,0,0,0,3.0,2,4,2,3,0,1,0,0,1,0,1,2,0,1,1
3,01/09/19,DAVIDSON,GEORGE MASON,12:05,09:22,163,8-6,10-10,-2,COLLINS.CARTER,CZERAPOWICZ.DAVID,FRAMPTON.LUKE,GRADY.KELLAN,JONES.BATES,4.0,1,4,1,2,0,2,0,0,0,1,1,2,0,0,1,4.0,2,4,2,2,0,2,0,0,2,0,0,2,0,0,0
4,01/09/19,DAVIDSON,GEORGE MASON,09:22,08:20,62,10-10,10-12,-2,COLLINS.CARTER,FRAMPTON.LUKE,GRADY.KELLAN,GUDMUNDSSON.JONAX,JONES.BATES,1.0,0,0,0,0,0,0,0,0,0,1,0,1,0,0,1,1.88,0,2,0,0,0,2,2,2,0,0,1,0,1,0,0
6,01/09/19,DAVIDSON,GEORGE MASON,06:36,03:53,163,13-14,20-16,5,FRAMPTON.LUKE,GRADY.KELLAN,GUDMUNDSSON.JONAX,KOVACEVIC.DUSAN,PRITCHETT.KISHAWN,5.44,3,5,3,4,0,1,1,1,0,0,0,1,2,0,0,4.0,1,2,1,2,0,0,0,0,1,2,0,2,0,0,1
7,01/09/19,DAVIDSON,GEORGE MASON,03:53,00:00,233,20-16,23-17,2,FRAMPTON.LUKE,GRADY.KELLAN,GUDMUNDSSON.JONAX,JONES.BATES,PRITCHETT.KISHAWN,7.0,1,5,0,0,1,5,0,0,1,2,0,5,1,0,4,6.88,0,4,0,3,0,1,1,2,0,2,0,4,1,0,4
8,01/09/19,DAVIDSON,GEORGE MASON,20:00,15:45,255,23-17,36-23,7,BRAJKOVIC.LUKA,FRAMPTON.LUKE,GRADY.KELLAN,GUDMUNDSSON.JONAX,PRITCHETT.KISHAWN,7.880000000000001,5,10,3,5,2,5,1,2,3,0,3,3,2,1,1,9.0,3,9,3,7,0,2,0,0,1,3,3,3,0,2,3
10,01/09/19,DAVIDSON,GEORGE MASON,14:01,13:39,22,42-27,42-29,-2,BRAJKOVIC.LUKA,COLLINS.CARTER,FRAMPTON.LUKE,GRADY.KELLAN,GUDMUNDSSON.JONAX,0.0,0,0,0,0,0,0,0,0,0,0,0,0,0,0,1,0.88,0,0,0,0,0,0,2,2,0,0,0,0,0,0,0
11,01/09/19,DAVIDSON,GEORGE MASON,13:39,12:47,52,42-29,44-29,2,COLLINS.CARTER,FRAMPTON.LUKE,GRADY.KELLAN,GUDMUNDSSON.JONAX,KOVACEVIC.DUSAN,2.0,1,2,1,1,0,1,0,0,1,0,0,1,0,0,0,2.0,0,1,0,0,0,1,0,0,0,1,0,1,0,0,1
13,01/09/19,DAVIDSON,GEORGE MASON,11:45,07:31,254,44-34,48-47,-9,BRAJKOVIC.LUKA,FRAMPTON.LUKE,GRADY.KELLAN,GUDMUNDSSON.JONAX,PRITCHETT.KISHAWN,7.199999999999998,1,5,1,2,0,3,2,5,1,1,1,2,0,0,2,7.76,5,7,5,6,0,1,3,4,2,0,1,5,1,0,3
14,01/09/19,DAVIDSON,GEORGE MASON,07:31,05:57,94,48-47,50-47,2,COLLINS.CARTER,FRAMPTON.LUKE,GRADY.KELLAN,GUDMUNDSSON.JONAX,JONES.BATES,2.88,0,2,0,1,0,1,2,2,0,0,0,2,0,0,0,3.0,0,2,0,1,0,1,0,0,0,1,0,2,0,1,1
16,01/09/19,DAVIDSON,GEORGE MASON,04:14,03:34,40,52-47,52-49,-2,FRAMPTON.LUKE,GRADY.KELLAN,GUDMUNDSSON.JONAX,JONES.BATES,PRITCHETT.KISHAWN,1.0,0,1,0,0,0,1,0,0,0,0,0,0,0,0,1,0.88,0,0,0,0,0,0,2,2,0,0,0,1,0,0,0
17,01/09/19,DAVIDSON,GEORGE MASON,03:34,02:35,59,52-49,52-49,0,BRAJKOVIC.LUKA,FRAMPTON.LUKE,GRADY.KELLAN,GUDMUNDSSON.JONAX,PRITCHETT.KISHAWN,1.0,0,0,0,0,0,0,0,0,0,1,0,1,0,0,1,0.44,0,1,0,0,0,1,0,1,0,0,1,0,0,0,0
18,01/09/19,DAVIDSON,GEORGE MASON,02:35,00:34,121,52-49,56-51,2,FRAMPTON.LUKE,GRADY.KELLAN,GUDMUNDSSON.JONAX,KOVACEVIC.DUSAN,PRITCHETT.KISHAWN,3.0,2,4,2,2,0,2,0,0,0,0,1,1,0,0,2,1.76,0,0,0,0,0,0,2,4,0,0,0,1,0,0,0
19,01/09/19,DAVIDSON,GEORGE MASON,00:34,00:13,21,56-51,58-56,-3,COLLINS.CARTER,FRAMPTON.LUKE,GRADY.KELLAN,GUDMUNDSSON.JONAX,KOVACEVIC.DUSAN,0.88,0,0,0,0,0,0,2,2,0,0,0,0,0,0,1,1.88,1,1,0,0,1,1,2,2,1,0,0,0,0,0,1
20,01/09/19,DAVIDSON,GEORGE MASON,00:13,00:01,12,58-56,61-56,3,COLLINS.CARTER,FRAMPTON.LUKE,GRADY.KELLAN,GUDMUNDSSON.JONAX,PRITCHETT.KISHAWN,1.76,0,0,0,0,0,0,3,4,0,0,0,1,0,0,0,1.0,0,1,0,0,0,1,0,0,0,0,0,0,0,0,2
21,01/09/19,DAVIDSON,GEORGE MASON,00:01,00:00,1,61-56,61-56,0,COLLINS.CARTER,FRAMPTON.LUKE,GRADY.KELLAN,GUDMUNDSSON.JONAX,JONES.BATES,0.0,0,0,0,0,0,0,0,0,0,0,0,0,0,0,0,0.0,0,0,0,0,0,0,0,0,0,0,0,0,0,0,0
0,01/12/19,DAVIDSON,VCU,20:00,17:38,142,0-0,2-4,-2,BRAJKOVIC.LUKA,FRAMPTON.LUKE,GRADY.KELLAN,GUDMUNDSSON.JONAX,PRITCHETT.KISHAWN,5.0,1,4,1,4,0,0,0,0,0,1,0,1,1,0,2,3.88,1,3,0,1,1,2,1,2,1,1,1,3,1,1,0
1,01/12/19,DAVIDSON,VCU,17:38,13:46,232,2-4,4-4,2,BRAJKOVIC.LUKA,COLLINS.CARTER,FRAMPTON.LUKE,GRADY.KELLAN,GUDMUNDSSON.JONAX,6.0,1,3,1,2,0,1,0,0,0,3,0,7,0,1,1,7.0,0,7,0,4,0,3,0,0,0,0,0,2,2,0,3
2,01/12/19,DAVIDSON,VCU,13:46,12:21,85,4-4,4-4,0,COLLINS.CARTER,GRADY.KELLAN,GUDMUNDSSON.JONAX,KOVACEVIC.DUSAN,PRITCHETT.KISHAWN,2.0,0,2,0,2,0,0,0,0,0,0,0,1,1,0,0,2.0,0,1,0,0,0,1,0,0,0,1,0,2,0,0,0
5,01/12/19,DAVIDSON,VCU,10:42,09:33,69,4-8,8-10,2,BRAJKOVIC.LUKA,CZERAPOWICZ.DAVID,FRAMPTON.LUKE,GRADY.KELLAN,PRITCHETT.KISHAWN,2.0,2,2,2,2,0,0,0,0,1,0,0,0,0,0,0,2.0,1,1,1,1,0,0,0,0,0,1,0,0,0,0,1
6,01/12/19,DAVIDSON,VCU,09:33,06:56,157,8-10,11-13,0,BRAJKOVIC.LUKA,FRAMPTON.LUKE,GRADY.KELLAN,GUDMUNDSSON.JONAX,PRITCHETT.KISHAWN,3.88,1,2,0,0,1,2,0,2,1,1,0,1,0,0,0,3.0,1,3,0,0,1,3,0,0,0,1,1,2,1,1,1
7,01/12/19,DAVIDSON,VCU,06:56,05:35,81,11-13,15-17,0,BRAJKOVIC.LUKA,COLLINS.CARTER,GRADY.KELLAN,GUDMUNDSSON.JONAX,PRITCHETT.KISHAWN,1.88,1,1,1,1,0,0,2,2,1,0,0,0,0,0,0,2.0,2,3,2,2,0,1,0,0,0,0,1,0,0,0,1
8,01/12/19,DAVIDSON,VCU,05:35,03:58,97,15-17,19-19,2,COLLINS.CARTER,FRAMPTON.LUKE,GRADY.KELLAN,GUDMUNDSSON.JONAX,JONES.BATES,1.88,1,2,1,2,0,0,2,2,0,0,1,0,0,0,0,2.0,1,2,1,2,0,0,0,0,1,1,1,0,0,0,1
9,01/12/19,DAVIDSON,VCU,03:58,01:59,119,19-19,23-23,0,BRAJKOVIC.LUKA,COLLINS.CARTER,FRAMPTON.LUKE,GRADY.KELLAN,GUDMUNDSSON.JONAX,3.0,2,3,2,2,0,1,0,0,0,0,0,2,0,0,1,3.88,1,3,1,2,0,1,2,2,1,0,0,1,0,0,0
10,01/12/19,DAVIDSON,VCU,01:59,00:00,119,23-23,28-23,5,BRAJKOVIC.LUKA,COLLINS.CARTER,GRADY.KELLAN,GUDMUNDSSON.JONAX,PRITCHETT.KISHAWN,3.0,2,4,1,2,1,2,0,0,1,0,1,2,0,0,0,2.0,0,2,0,0,0,2,0,0,0,0,0,1,0,0,0
11,01/12/19,DAVIDSON,VCU,20:00,17:54,126,28-23,31-27,-1,BRAJKOVIC.LUKA,FRAMPTON.LUKE,GRADY.KELLAN,GUDMUNDSSON.JONAX,PRITCHETT.KISHAWN,3.0,1,2,0,1,1,1,0,0,1,1,0,0,0,0,1,3.0,2,3,2,3,0,0,0,0,0,1,1,1,0,0,0
12,01/12/19,DAVIDSON,VCU,17:54,17:06,48,31-27,31-33,-6,FRAMPTON.LUKE,GRADY.KELLAN,GUDMUNDSSON.JONAX,KOVACEVIC.DUSAN,PRITCHETT.KISHAWN,1.0,0,1,0,0,0,1,0,0,0,0,0,0,0,0,1,2.44,2,2,1,1,1,1,1,1,1,0,0,1,0,0,0
13,01/12/19,DAVIDSON,VCU,17:06,17:00,6,31-33,31-33,0,FRAMPTON.LUKE,GRADY.KELLAN,GUDMUNDSSON.JONAX,JONES.BATES,PRITCHETT.KISHAWN,0.0,0,0,0,0,0,0,0,0,0,0,0,0,0,0,0,0.0,0,0,0,0,0,0,0,0,0,0,0,0,0,0,1
14,01/12/19,DAVIDSON,VCU,17:00,16:10,50,31-33,31-36,-3,BRAJKOVIC.LUKA,COLLINS.CARTER,FRAMPTON.LUKE,GRADY.KELLAN,GUDMUNDSSON.JONAX,2.0,0,2,0,0,0,2,0,0,0,0,0,1,0,0,1,1.88,1,2,0,1,1,1,0,2,1,0,1,2,0,0,0
15,01/12/19,DAVIDSON,VCU,16:10,15:43,27,31-36,31-37,-1,COLLINS.CARTER,FRAMPTON.LUKE,GRADY.KELLAN,GUDMUNDSSON.JONAX,KOVACEVIC.DUSAN,1.0,0,1,0,0,0,1,0,0,0,0,0,0,0,0,1,0.88,0,0,0,0,0,0,1,2,0,0,0,1,0,0,0
16,01/12/19,DAVIDSON,VCU,15:43,14:33,70,31-37,31-39,-2,COLLINS.CARTER,FRAMPTON.LUKE,GRADY.KELLAN,GUDMUNDSSON.JONAX,JONES.BATES,2.0,0,3,0,2,0,1,0,0,0,0,1,1,0,0,0,2.0,1,2,1,1,0,1,0,0,1,0,0,2,0,0,1
17,01/12/19,DAVIDSON,VCU,14:33,12:36,117,31-39,31-41,-2,BRAJKOVIC.LUKA,COLLINS.CARTER,FRAMPTON.LUKE,GRADY.KELLAN,GUDMUNDSSON.JONAX,2.0,0,4,0,3,0,1,0,0,0,0,2,1,0,0,0,2.0,1,2,1,1,0,1,0,0,0,0,0,2,0,1,0
18,01/12/19,DAVIDSON,VCU,12:36,12:34,2,31-41,33-41,2,BRAJKOVIC.LUKA,CZERAPOWICZ.DAVID,FRAMPTON.LUKE,GRADY.KELLAN,PRITCHETT.KISHAWN,0.88,0,0,0,0,0,0,2,2,0,0,0,0,0,0,0,0.0,0,0,0,0,0,0,0,0,0,0,0,0,0,0,1
19,01/12/19,DAVIDSON,VCU,12:34,12:12,22,33-41,33-41,0,COLLINS.CARTER,GRADY.KELLAN,GUDMUNDSSON.JONAX,JONES.BATES,PRITCHETT.KISHAWN,0.0,0,0,0,0,0,0,0,0,0,0,0,0,0,0,0,1.0,0,0,0,0,0,0,0,0,0,1,0,0,0,0,0
20,01/12/19,DAVIDSON,VCU,12:12,10:16,116,33-41,35-47,-4,BRAJKOVIC.LUKA,COLLINS.CARTER,GRADY.KELLAN,GUDMUNDSSON.JONAX,PRITCHETT.KISHAWN,4.0,1,3,1,2,0,1,0,0,0,1,0,0,0,0,1,3.88,2,2,2,2,0,0,2,2,0,1,0,2,0,0,2
22,01/12/19,DAVIDSON,VCU,09:45,04:53,292,35-47,46-53,5,BRAJKOVIC.LUKA,COLLINS.CARTER,FRAMPTON.LUKE,GRADY.KELLAN,PRITCHETT.KISHAWN,7.32,4,7,3,5,1,2,2,3,3,0,1,1,1,0,1,7.879999999999999,2,4,2,2,0,2,2,2,0,4,1,2,0,0,2
23,01/12/19,DAVIDSON,VCU,04:53,03:33,80,46-53,51-55,3,COLLINS.CARTER,FRAMPTON.LUKE,GRADY.KELLAN,JONES.BATES,PRITCHETT.KISHAWN,1.88,1,1,0,0,1,1,2,2,1,0,0,0,0,0,1,0.8799999999999999,0,1,0,0,0,1,2,2,0,0,1,0,0,0,1
24,01/12/19,DAVIDSON,VCU,03:33,00:21,192,51-55,62-55,11,BRAJKOVIC.LUKA,COLLINS.CARTER,FRAMPTON.LUKE,GRADY.KELLAN,PRITCHETT.KISHAWN,5.76,3,5,1,2,2,3,3,4,2,0,1,6,0,0,1,5.44,0,5,0,3,0,2,0,1,0,0,0,2,0,0,2
25,01/12/19,DAVIDSON,VCU,00:21,00:17,4,62-55,62-57,-2,COLLINS.CARTER,FRAMPTON.LUKE,GRADY.KELLAN,GUDMUNDSSON.JONAX,PRITCHETT.KISHAWN,0.0,0,0,0,0,0,0,0,0,0,0,0,0,0,0,1,0.88,0,0,0,0,0,0,2,2,0,0,0,0,0,0,0
26,01/12/19,DAVIDSON,VCU,00:17,00:15,2,62-57,62-57,0,BRAJKOVIC.LUKA,COLLINS.CARTER,FRAMPTON.LUKE,GRADY.KELLAN,PRITCHETT.KISHAWN,0.0,0,0,0,0,0,0,0,0,0,0,0,0,0,0,0,0.0,0,0,0,0,0,0,0,0,0,0,0,0,0,0,0
27,01/12/19,DAVIDSON,VCU,00:15,00:00,15,62-57,64-57,2,COLLINS.CARTER,FRAMPTON.LUKE,GRADY.KELLAN,GUDMUNDSSON.JONAX,PRITCHETT.KISHAWN,1.88,0,0,0,0,0,0,2,2,0,1,0,2,0,0,0,2.0,0,2,0,0,0,2,0,0,0,0,0,0,1,0,1
0,01/15/19,DAVIDSON,SAINT JOSEPH'S,20:00,16:02,238,0-0,8-2,6,BRAJKOVIC.LUKA,FRAMPTON.LUKE,GRADY.KELLAN,GUDMUNDSSON.JONAX,PRITCHETT.KISHAWN,5.88,3,4,2,3,1,1,1,2,2,1,0,4,0,0,1,6.0,1,6,1,3,0,3,0,0,0,1,1,2,1,0,1
1,01/15/19,DAVIDSON,SAINT JOSEPH'S,16:02,14:10,112,8-2,11-4,1,BRAJKOVIC.LUKA,COLLINS.CARTER,FRAMPTON.LUKE,GRADY.KELLAN,GUDMUNDSSON.JONAX,3.0,1,3,0,1,1,2,0,0,1,0,0,2,0,0,1,3.0,1,3,1,3,0,0,0,0,0,0,0,2,0,0,0
2,01/15/19,DAVIDSON,SAINT JOSEPH'S,14:10,11:52,138,11-4,14-6,1,COLLINS.CARTER,FRAMPTON.LUKE,GRADY.KELLAN,GUDMUNDSSON.JONAX,KOVACEVIC.DUSAN,4.0,1,5,0,2,1,3,0,0,1,0,1,3,0,0,1,4.0,1,4,1,3,0,1,0,0,1,0,0,3,0,1,1
3,01/15/19,DAVIDSON,SAINT JOSEPH'S,11:52,10:58,54,14-6,14-6,0,COLLINS.CARTER,GRADY.KELLAN,GUDMUNDSSON.JONAX,JONES.BATES,PRITCHETT.KISHAWN,1.0,0,1,0,0,0,1,0,0,0,0,0,0,0,0,1,1.0,0,2,0,0,0,2,0,0,0,1,2,1,0,0,0
4,01/15/19,DAVIDSON,SAINT JOSEPH'S,10:58,09:41,77,14-6,16-8,0,BRAJKOVIC.LUKA,COLLINS.CARTER,GRADY.KELLAN,GUDMUNDSSON.JONAX,PRITCHETT.KISHAWN,2.0,1,2,1,2,0,0,0,0,1,0,0,0,1,0,0,3.0,1,1,1,1,0,0,0,0,0,2,0,1,0,0,0
5,01/15/19,DAVIDSON,SAINT JOSEPH'S,09:41,07:56,105,16-8,16-15,-7,BRAJKOVIC.LUKA,COLLINS.CARTER,FRAMPTON.LUKE,GRADY.KELLAN,PRITCHETT.KISHAWN,4.0,0,3,0,2,0,1,0,0,0,1,0,0,0,0,2,3.88,2,4,1,2,1,2,2,2,2,0,1,3,0,0,0
6,01/15/19,DAVIDSON,SAINT JOSEPH'S,07:56,04:08,228,16-15,22-23,-2,BRAJKOVIC.LUKA,CZERAPOWICZ.DAVID,FRAMPTON.LUKE,GRADY.KELLAN,GUDMUNDSSON.JONAX,8.0,3,7,3,4,0,3,0,0,1,1,0,3,1,0,1,7.44,3,6,2,2,1,4,1,1,2,1,0,4,1,0,1
8,01/15/19,DAVIDSON,SAINT JOSEPH'S,01:16,00:00,76,28-23,31-26,0,BRAJKOVIC.LUKA,COLLINS.CARTER,FRAMPTON.LUKE,GRADY.KELLAN,GUDMUNDSSON.JONAX,1.88,1,1,1,1,0,0,1,2,1,0,0,0,0,0,0,2.0,1,1,0,0,1,1,0,0,1,1,0,0,0,0,2
9,01/15/19,DAVIDSON,SAINT JOSEPH'S,20:00,16:25,215,31-26,37-33,-1,BRAJKOVIC.LUKA,FRAMPTON.LUKE,GRADY.KELLAN,GUDMUNDSSON.JONAX,PRITCHETT.KISHAWN,4.88,2,4,1,2,1,2,1,2,1,1,1,1,0,0,1,5.0,3,4,2,2,1,2,0,0,2,1,0,1,0,0,2
11,01/15/19,DAVIDSON,SAINT JOSEPH'S,15:50,14:29,81,37-33,39-35,0,COLLINS.CARTER,GRADY.KELLAN,GUDMUNDSSON.JONAX,KOVACEVIC.DUSAN,PRITCHETT.KISHAWN,2.0,1,3,1,1,0,2,0,0,0,0,1,1,1,0,0,3.0,1,2,1,1,0,1,0,0,1,1,0,1,0,0,0
12,01/15/19,DAVIDSON,SAINT JOSEPH'S,14:29,11:13,196,39-35,44-45,-5,COLLINS.CARTER,FRAMPTON.LUKE,GRADY.KELLAN,GUDMUNDSSON.JONAX,KOVACEVIC.DUSAN,5.0,2,5,1,2,1,3,0,0,1,0,0,2,0,0,2,5.32,3,4,1,1,2,3,2,3,1,0,0,3,0,1,0
13,01/15/19,DAVIDSON,SAINT JOSEPH'S,11:13,06:26,287,44-45,54-56,-1,BRAJKOVIC.LUKA,COLLINS.CARTER,GRADY.KELLAN,GUDMUNDSSON.JONAX,PRITCHETT.KISHAWN,8.0,4,7,2,3,2,4,0,0,1,1,0,2,1,0,3,8.0,4,7,1,1,3,6,0,0,1,1,0,2,0,0,0
14,01/15/19,DAVIDSON,SAINT JOSEPH'S,06:26,00:00,386,54-56,60-61,1,BRAJKOVIC.LUKA,FRAMPTON.LUKE,GRADY.KELLAN,GUDMUNDSSON.JONAX,PRITCHETT.KISHAWN,8.44,3,10,3,9,0,1,0,1,0,2,4,5,0,0,2,7.32,1,7,0,6,1,1,2,3,1,0,1,3,1,0,5
0,01/19/19,DAVIDSON,RICHMOND,20:00,14:41,319,0-0,9-0,9,BRAJKOVIC.LUKA,FRAMPTON.LUKE,GRADY.KELLAN,GUDMUNDSSON.JONAX,PRITCHETT.KISHAWN,9.0,4,8,3,4,1,4,0,0,2,1,0,7,1,0,0,8.0,0,7,0,7,0,0,0,0,0,1,0,4,0,0,0
1,01/19/19,DAVIDSON,RICHMOND,14:41,12:34,127,9-0,9-2,-2,COLLINS.CARTER,FRAMPTON.LUKE,GRADY.KELLAN,GUDMUNDSSON.JONAX,KOVACEVIC.DUSAN,3.0,0,3,0,2,0,1,0,0,0,1,1,2,0,0,0,3.0,1,3,1,2,0,1,0,0,1,0,0,2,0,0,0
2,01/19/19,DAVIDSON,RICHMOND,12:34,09:28,186,9-2,14-6,1,BRAJKOVIC.LUKA,COLLINS.CARTER,GRADY.KELLAN,GUDMUNDSSON.JONAX,PRITCHETT.KISHAWN,4.0,2,3,1,2,1,1,0,0,1,1,0,2,0,0,2,3.88,1,3,1,2,0,1,2,2,1,0,0,1,1,0,1
3,01/19/19,DAVIDSON,RICHMOND,09:28,07:39,109,14-6,17-12,-3,COLLINS.CARTER,GRADY.KELLAN,GUDMUNDSSON.JONAX,JONES.BATES,PRITCHETT.KISHAWN,3.0,1,3,0,2,1,1,0,0,1,0,0,1,0,0,1,3.88,2,3,2,2,0,1,2,2,2,0,0,2,0,1,0
4,01/19/19,DAVIDSON,RICHMOND,07:39,06:19,80,17-12,20-14,1,BRAJKOVIC.LUKA,CZERAPOWICZ.DAVID,FRAMPTON.LUKE,GRADY.KELLAN,PRITCHETT.KISHAWN,2.0,1,2,0,1,1,1,0,0,1,0,0,1,0,0,1,1.88,0,1,0,0,0,1,2,2,0,0,0,1,0,0,0
5,01/19/19,DAVIDSON,RICHMOND,06:19,04:18,121,20-14,25-18,1,CZERAPOWICZ.DAVID,FRAMPTON.LUKE,GRADY.KELLAN,KOVACEVIC.DUSAN,PRITCHETT.KISHAWN,3.0,2,2,1,1,1,1,0,0,1,1,0,1,0,0,1,3.44,2,2,2,2,0,0,0,1,1,1,0,0,1,0,0
6,01/19/19,DAVIDSON,RICHMOND,04:18,00:00,258,25-18,34-24,3,COLLINS.CARTER,FRAMPTON.LUKE,GRADY.KELLAN,GUDMUNDSSON.JONAX,JONES.BATES,6.0,3,7,0,1,3,6,0,0,3,1,2,4,0,0,1,6.44,3,6,3,3,0,3,0,1,1,0,0,2,0,0,0
7,01/19/19,DAVIDSON,RICHMOND,20:00,15:23,277,34-24,52-32,10,BRAJKOVIC.LUKA,FRAMPTON.LUKE,GRADY.KELLAN,GUDMUNDSSON.JONAX,PRITCHETT.KISHAWN,8.0,7,7,3,3,4,4,0,0,5,1,0,3,0,2,2,8.0,4,7,4,7,0,0,0,0,1,1,0,0,0,0,1
8,01/19/19,DAVIDSON,RICHMOND,15:23,15:11,12,52-32,52-32,0,FRAMPTON.LUKE,GRADY.KELLAN,GUDMUNDSSON.JONAX,KOVACEVIC.DUSAN,PRITCHETT.KISHAWN,0.0,0,0,0,0,0,0,0,0,0,0,0,0,1,0,0,1.0,0,0,0,0,0,0,0,0,0,1,0,0,0,0,1
10,01/19/19,DAVIDSON,RICHMOND,12:40,11:32,68,57-37,57-37,0,COLLINS.CARTER,GRADY.KELLAN,GUDMUNDSSON.JONAX,JONES.BATES,PRITCHETT.KISHAWN,2.0,0,2,0,1,0,1,0,0,0,0,0,1,0,0,0,2.0,0,2,0,0,0,2,0,0,0,1,1,2,0,0,0
11,01/19/19,DAVIDSON,RICHMOND,11:32,11:15,17,57-37,57-37,0,COLLINS.CARTER,FRAMPTON.LUKE,GRADY.KELLAN,JONES.BATES,PRITCHETT.KISHAWN,1.0,0,0,0,0,0,0,0,0,0,1,0,0,0,0,1,0.0,0,0,0,0,0,0,0,0,0,0,0,0,1,0,0
12,01/19/19,DAVIDSON,RICHMOND,11:15,10:20,55,57-37,60-39,1,COLLINS.CARTER,FRAMPTON.LUKE,GRADY.KELLAN,GUDMUNDSSON.JONAX,JONES.BATES,1.0,1,1,0,0,1,1,0,0,1,0,0,1,0,0,1,1.88,1,1,1,1,0,0,0,2,1,0,0,0,0,0,0
13,01/19/19,DAVIDSON,RICHMOND,10:20,09:52,28,60-39,62-39,2,BRAJKOVIC.LUKA,COLLINS.CARTER,FRAMPTON.LUKE,GRADY.KELLAN,GUDMUNDSSON.JONAX,0.88,0,0,0,0,0,0,2,2,0,0,0,0,0,0,0,0.0,0,0,0,0,0,0,0,0,0,0,0,0,0,0,1
14,01/19/19,DAVIDSON,RICHMOND,09:52,07:20,152,62-39,67-44,0,BRAJKOVIC.LUKA,COLLINS.CARTER,GRADY.KELLAN,GUDMUNDSSON.JONAX,PRITCHETT.KISHAWN,4.0,2,5,1,3,1,2,0,0,1,0,1,3,0,0,0,5.0,2,5,1,3,1,2,0,0,2,0,0,2,0,0,1
15,01/19/19,DAVIDSON,RICHMOND,07:20,04:24,176,67-44,71-55,-7,BRAJKOVIC.LUKA,CZERAPOWICZ.DAVID,FRAMPTON.LUKE,GRADY.KELLAN,GUDMUNDSSON.JONAX,4.44,2,7,2,5,0,2,0,1,1,0,3,0,0,0,1,3.88,3,5,0,0,3,5,2,2,3,0,2,3,0,0,1
16,01/19/19,DAVIDSON,RICHMOND,04:24,03:21,63,71-55,72-57,-1,BRAJKOVIC.LUKA,COLLINS.CARTER,FRAMPTON.LUKE,GRADY.KELLAN,GUDMUNDSSON.JONAX,1.88,0,2,0,1,0,1,1,2,0,0,1,0,0,0,0,1.0,1,1,1,1,0,0,0,0,0,0,0,2,0,0,1
17,01/19/19,DAVIDSON,RICHMOND,03:21,01:37,104,72-57,74-57,2,COLLINS.CARTER,FRAMPTON.LUKE,GRADY.KELLAN,GUDMUNDSSON.JONAX,PRITCHETT.KISHAWN,2.44,1,3,1,2,0,1,0,1,1,0,1,3,0,1,0,3.0,0,3,0,1,0,2,0,0,0,0,0,2,0,0,1
18,01/19/19,DAVIDSON,RICHMOND,01:37,01:08,29,74-57,74-60,-3,BOACHIE-YIADOM.NEL,COLLINS.CARTER,FRAMPTON.LUKE,GRADY.KELLAN,GUDMUNDSSON.JONAX,1.0,0,0,0,0,0,0,0,0,0,1,0,1,0,0,0,2.0,1,2,0,0,1,2,0,0,0,0,0,0,1,0,0
19,01/19/19,DAVIDSON,RICHMOND,01:08,01:03,5,74-60,74-60,0,BOACHIE-YIADOM.NEL,FRAMPTON.LUKE,GRADY.KELLAN,GUDMUNDSSON.JONAX,JONES.BATES,0.0,0,0,0,0,0,0,0,0,0,0,0,0,0,0,0,0.0,0,0,0,0,0,0,0,0,0,0,0,0,0,0,0
20,01/19/19,DAVIDSON,RICHMOND,01:03,00:37,26,74-60,75-60,1,COLLINS.CARTER,FRAMPTON.LUKE,GRADY.KELLAN,GUDMUNDSSON.JONAX,JONES.BATES,0.8799999999999999,0,1,0,0,0,1,1,2,0,0,1,0,0,0,0,0.0,0,0,0,0,0,0,0,0,0,0,0,0,0,0,1
21,01/19/19,DAVIDSON,RICHMOND,00:37,00:00,37,75-60,75-60,0,COLLINS.CARTER,CZERAPOWICZ.DAVID,FRAMPTON.LUKE,GRADY.KELLAN,GUDMUNDSSON.JONAX,0.0,0,0,0,0,0,0,0,0,0,0,0,0,0,0,0,1.0,1,1,1,1,0,0,0,0,0,0,0,0,0,0,0
0,01/23/19,DAVIDSON,GEORGE WASHINGTON,20:00,16:23,217,0-0,8-2,6,BRAJKOVIC.LUKA,FRAMPTON.LUKE,GRADY.KELLAN,GUDMUNDSSON.JONAX,PRITCHETT.KISHAWN,6.0,3,6,1,2,2,4,0,0,2,0,0,4,2,0,1,6.88,0,4,0,0,0,4,2,2,0,2,0,3,0,0,1
1,01/23/19,DAVIDSON,GEORGE WASHINGTON,16:23,14:46,97,8-2,11-6,-1,FRAMPTON.LUKE,GRADY.KELLAN,GUDMUNDSSON.JONAX,KOVACEVIC.DUSAN,PRITCHETT.KISHAWN,3.0,1,3,0,1,1,2,0,0,0,0,0,1,0,0,1,2.88,1,3,1,2,0,1,2,2,0,0,1,2,0,0,0
2,01/23/19,DAVIDSON,GEORGE WASHINGTON,14:46,13:36,70,11-6,14-8,1,COLLINS.CARTER,FRAMPTON.LUKE,GRADY.KELLAN,GUDMUNDSSON.JONAX,KOVACEVIC.DUSAN,2.0,1,1,0,0,1,1,0,0,0,1,0,0,0,0,2,1.0,1,1,1,1,0,0,0,0,0,0,0,0,0,0,0
3,01/23/19,DAVIDSON,GEORGE WASHINGTON,13:36,11:56,100,14-8,18-10,2,COLLINS.CARTER,FRAMPTON.LUKE,GRADY.KELLAN,GUDMUNDSSON.JONAX,JONES.BATES,2.88,1,2,0,1,1,1,1,2,1,0,0,2,0,0,1,2.88,0,2,0,1,0,1,2,2,0,0,0,1,0,0,1
4,01/23/19,DAVIDSON,GEORGE WASHINGTON,11:56,09:33,143,18-10,20-17,-5,BRAJKOVIC.LUKA,COLLINS.CARTER,GRADY.KELLAN,GUDMUNDSSON.JONAX,PRITCHETT.KISHAWN,4.0,1,3,1,2,0,1,0,0,0,1,0,2,0,0,2,4.88,2,5,1,3,1,2,2,2,2,0,1,2,0,0,1
5,01/23/19,DAVIDSON,GEORGE WASHINGTON,09:33,06:36,177,20-17,25-22,0,FRAMPTON.LUKE,GRADY.KELLAN,GUDMUNDSSON.JONAX,JONES.BATES,PRITCHETT.KISHAWN,4.88,2,4,1,1,1,3,0,2,1,0,0,1,0,0,0,5.0,2,3,1,1,1,2,0,0,1,2,0,3,0,0,3
6,01/23/19,DAVIDSON,GEORGE WASHINGTON,06:36,04:19,137,25-22,28-25,0,COLLINS.CARTER,FRAMPTON.LUKE,GRADY.KELLAN,JONES.BATES,PRITCHETT.KISHAWN,4.0,1,3,0,2,1,1,0,0,1,1,0,2,0,0,0,4.0,1,3,0,2,1,1,0,0,1,1,0,2,1,1,0
7,01/23/19,DAVIDSON,GEORGE WASHINGTON,04:19,02:21,118,28-25,30-29,-2,COLLINS.CARTER,FRAMPTON.LUKE,GRADY.KELLAN,GUDMUNDSSON.JONAX,KOVACEVIC.DUSAN,3.3200000000000003,0,2,0,0,0,2,2,3,0,0,0,1,0,0,1,2.88,1,2,1,2,0,0,2,2,1,0,0,2,0,0,1
8,01/23/19,DAVIDSON,GEORGE WASHINGTON,02:21,00:00,141,30-29,36-29,6,COLLINS.CARTER,FRAMPTON.LUKE,GRADY.KELLAN,GUDMUNDSSON.JONAX,PRITCHETT.KISHAWN,5.32,2,3,1,1,1,2,1,3,1,1,0,2,1,0,0,4.0,0,2,0,2,0,0,0,0,0,2,0,2,0,0,1
9,01/23/19,DAVIDSON,GEORGE WASHINGTON,20:00,17:29,151,36-29,42-35,0,BRAJKOVIC.LUKA,FRAMPTON.LUKE,GRADY.KELLAN,GUDMUNDSSON.JONAX,PRITCHETT.KISHAWN,3.0,2,3,0,0,2,3,0,0,1,0,0,1,0,0,1,3.0,2,3,0,0,2,3,0,0,2,0,0,1,0,0,1
10,01/23/19,DAVIDSON,GEORGE WASHINGTON,17:29,12:53,276,42-35,48-42,-1,FRAMPTON.LUKE,GRADY.KELLAN,GUDMUNDSSON.JONAX,JONES.BATES,PRITCHETT.KISHAWN,7.44,3,7,3,6,0,1,0,1,1,0,0,1,1,0,1,8.0,3,5,2,2,1,3,0,0,1,4,1,5,0,0,4
11,01/23/19,DAVIDSON,GEORGE WASHINGTON,12:53,12:34,19,48-42,48-42,0,BRAJKOVIC.LUKA,COLLINS.CARTER,FRAMPTON.LUKE,GRADY.KELLAN,GUDMUNDSSON.JONAX,1.0,0,1,0,1,0,0,0,0,0,0,0,0,0,0,1,0.0,0,0,0,0,0,0,0,0,0,0,0,1,0,0,1
12,01/23/19,DAVIDSON,GEORGE WASHINGTON,12:34,10:02,152,48-42,52-46,0,COLLINS.CARTER,CZERAPOWICZ.DAVID,GRADY.KELLAN,GUDMUNDSSON.JONAX,JONES.BATES,2.88,1,2,1,2,0,0,2,2,0,0,0,2,0,0,0,4.0,2,5,2,5,0,0,0,0,0,0,1,1,0,0,1
14,01/23/19,DAVIDSON,GEORGE WASHINGTON,08:11,06:37,94,56-52,63-52,7,BRAJKOVIC.LUKA,FRAMPTON.LUKE,GRADY.KELLAN,GUDMUNDSSON.JONAX,PRITCHETT.KISHAWN,3.3200000000000003,2,2,2,2,0,0,3,3,0,0,0,2,0,0,0,2.0,0,2,0,0,0,2,0,0,0,0,0,0,0,0,2
15,01/23/19,DAVIDSON,GEORGE WASHINGTON,06:37,04:55,102,63-52,66-55,0,BRAJKOVIC.LUKA,COLLINS.CARTER,FRAMPTON.LUKE,GRADY.KELLAN,GUDMUNDSSON.JONAX,3.0,1,3,0,0,1,3,0,0,1,0,0,3,0,0,2,3.76,0,2,0,1,0,1,3,4,0,0,0,2,0,0,0
16,01/23/19,DAVIDSON,GEORGE WASHINGTON,04:55,01:33,202,66-55,70-59,0,BRAJKOVIC.LUKA,FRAMPTON.LUKE,GRADY.KELLAN,GUDMUNDSSON.JONAX,PRITCHETT.KISHAWN,6.88,1,4,1,3,0,1,2,2,0,2,0,3,1,0,0,7.0,2,5,2,3,0,2,0,0,0,2,0,3,1,0,1
17,01/23/19,DAVIDSON,GEORGE WASHINGTON,01:33,00:22,71,70-59,72-60,1,BRAJKOVIC.LUKA,COLLINS.CARTER,FRAMPTON.LUKE,GRADY.KELLAN,GUDMUNDSSON.JONAX,2.0,1,2,1,2,0,0,0,0,1,0,0,2,0,0,2,1.76,0,0,0,0,0,0,1,4,0,0,0,1,0,0,0
18,01/23/19,DAVIDSON,GEORGE WASHINGTON,00:22,00:21,1,72-60,73-60,1,BRAJKOVIC.LUKA,FRAMPTON.LUKE,GRADY.KELLAN,GUDMUNDSSON.JONAX,WYNTER.MALCOLM,0.88,0,0,0,0,0,0,1,2,0,0,0,0,0,0,0,0.0,0,0,0,0,0,0,0,0,0,0,0,1,0,0,1
0,01/26/19,DAVIDSON,SAINT LOUIS,20:00,17:34,146,0-0,3-0,3,BRAJKOVIC.LUKA,FRAMPTON.LUKE,GRADY.KELLAN,GUDMUNDSSON.JONAXEL,PRITCHETT.KISHAWN,4.0,1,3,0,1,1,2,0,0,1,1,0,2,1,2,1,3.0,0,3,0,3,0,0,0,0,0,1,1,2,0,0,0
1,01/26/19,DAVIDSON,SAINT LOUIS,17:34,16:23,71,3-0,5-2,0,FRAMPTON.LUKE,GRADY.KELLAN,GUDMUNDSSON.JONAXEL,KOVACEVIC.DUSAN,PRITCHETT.KISHAWN,2.0,1,1,1,1,0,0,0,0,1,1,0,0,0,0,0,2.0,1,1,1,1,0,0,0,0,0,1,0,0,0,0,1
2,01/26/19,DAVIDSON,SAINT LOUIS,16:23,13:36,167,5-2,8-5,0,COLLINS.CARTER,FRAMPTON.LUKE,GRADY.KELLAN,GUDMUNDSSON.JONAXEL,KOVACEVIC.DUSAN,3.0,1,4,0,0,1,4,0,0,1,0,1,2,0,0,1,3.0,1,4,0,2,1,2,0,0,1,0,1,2,0,0,0
3,01/26/19,DAVIDSON,SAINT LOUIS,13:36,12:39,57,8-5,8-5,0,COLLINS.CARTER,GRADY.KELLAN,GUDMUNDSSON.JONAXEL,JONES.BATES,PRITCHETT.KISHAWN,1.0,0,1,0,0,0,1,0,0,0,0,0,0,0,0,1,1.0,0,1,0,0,0,1,0,0,0,1,1,1,0,0,0
4,01/26/19,DAVIDSON,SAINT LOUIS,12:39,11:40,59,8-5,8-7,-2,BRAJKOVIC.LUKA,COLLINS.CARTER,GRADY.KELLAN,GUDMUNDSSON.JONAXEL,PRITCHETT.KISHAWN,1.0,0,1,0,1,0,0,0,0,0,0,0,0,0,0,1,1.0,1,2,1,2,0,0,0,0,0,0,1,1,0,1,0
6,01/26/19,DAVIDSON,SAINT LOUIS,10:21,09:23,58,9-11,13-11,4,COLLINS.CARTER,FRAMPTON.LUKE,GRADY.KELLAN,GUDMUNDSSON.JONAXEL,JONES.BATES,1.88,1,1,0,0,1,1,1,2,1,0,0,0,1,0,1,1.0,0,0,0,0,0,0,0,0,0,1,0,1,0,0,2
7,01/26/19,DAVIDSON,SAINT LOUIS,09:23,08:03,80,13-11,13-11,0,COLLINS.CARTER,GRADY.KELLAN,GUDMUNDSSON.JONAXEL,JONES.BATES,PRITCHETT.KISHAWN,2.0,0,1,0,0,0,1,0,0,0,1,0,0,0,0,1,2.0,0,0,0,0,0,0,0,0,0,2,0,1,0,0,1
8,01/26/19,DAVIDSON,SAINT LOUIS,08:03,07:43,20,13-11,13-11,0,COLLINS.CARTER,GRADY.KELLAN,GUDMUNDSSON.JONAXEL,KOVACEVIC.DUSAN,PRITCHETT.KISHAWN,0.0,0,0,0,0,0,0,0,0,0,0,0,0,0,0,0,1.0,0,0,0,0,0,0,0,0,0,1,0,0,0,0,0
9,01/26/19,DAVIDSON,SAINT LOUIS,07:43,05:05,158,13-11,16-14,0,COLLINS.CARTER,FRAMPTON.LUKE,GRADY.KELLAN,KOVACEVIC.DUSAN,PRITCHETT.KISHAWN,3.0,1,4,0,0,1,4,0,0,1,1,2,2,0,0,0,3.0,1,5,0,4,1,1,0,0,1,0,2,1,1,0,0
15,01/26/19,DAVIDSON,SAINT LOUIS,20:00,20:00,0,24-21,24-21,0,FRAMPTON.LUKE,GRADY.KELLAN,GUDMUNSSON.JONAXEL,JONES.BATES,PRITCHETT.KISHAWN,0.0,0,0,0,0,0,0,0,0,0,0,0,0,0,0,0,0.0,0,0,0,0,0,0,0,0,0,0,0,0,0,0,0
16,01/26/19,DAVIDSON,SAINT LOUIS,20:00,18:54,66,24-21,24-22,-1,BRAJKOVIC.LUKA,FRAMPTON.LUKE,GRADY.KELLAN,GUDMUNSSON.JONAXEL,PRITCHETT.KISHAWN,2.0,0,1,0,1,0,0,0,0,0,1,0,0,1,0,2,1.44,0,0,0,0,0,0,1,1,0,1,0,1,1,0,0
18,01/26/19,DAVIDSON,SAINT LOUIS,18:00,16:47,73,24-24,29-28,1,BRAJKOVIC.LUKA,FRAMPTON.LUKE,GRADY.KELLAN,GUDMUNSSON.JONAXEL,PRITCHETT.KISHAWN,2.0,2,2,1,1,1,1,0,0,2,0,0,1,0,0,2,2.88,1,2,1,2,0,0,2,2,1,0,0,0,0,0,0
19,01/26/19,DAVIDSON,SAINT LOUIS,16:47,16:16,31,29-28,29-30,-2,BRAJKOVIC.LUKA,COLLINS.CARTER,GRADY.KELLAN,GUDMUNSSON.JONAXEL,PRITCHETT.KISHAWN,1.0,0,1,0,0,0,1,0,0,0,0,0,1,0,0,1,1.32,0,0,0,0,0,0,2,3,0,0,0,1,0,0,0
20,01/26/19,DAVIDSON,SAINT LOUIS,16:16,15:01,75,29-30,32-30,3,BRAJKOVIC.LUKA,COLLINS.CARTER,GRADY.KELLAN,GUDMUNSSON.JONAXEL,JONES.BATES,2.0,1,1,0,0,1,1,0,0,1,1,0,0,0,0,1,1.0,0,0,0,0,0,0,0,0,0,1,0,0,1,0,3
21,01/26/19,DAVIDSON,SAINT LOUIS,15:01,11:55,186,32-30,35-36,-3,COLLINS.CARTER,GRADY.KELLAN,GUDMUNSSON.JONAXEL,JONES.BATES,KOVACEVIC.DUSAN,6.0,1,4,0,2,1,2,0,0,1,2,0,2,1,0,1,5.88,2,6,2,3,0,3,2,2,0,1,2,3,0,2,0
22,01/26/19,DAVIDSON,SAINT LOUIS,11:55,10:36,79,35-36,37-36,2,FRAMPTON.LUKE,GRADY.KELLAN,GUDMUNSSON.JONAXEL,JONES.BATES,PRITCHETT.KISHAWN,1.0,1,1,1,1,0,0,0,0,1,0,0,1,0,0,1,1.0,0,2,0,1,0,1,0,0,0,0,1,0,0,0,0
23,01/26/19,DAVIDSON,SAINT LOUIS,10:36,08:49,107,37-36,37-38,-2,FRAMPTON.LUKE,GRADY.KELLAN,GUDMUNSSON.JONAXEL,KOVACEVIC.DUSAN,PRITCHETT.KISHAWN,3.0,0,1,0,1,0,0,0,0,0,2,0,2,1,0,0,3.88,1,2,1,2,0,0,0,2,0,1,0,1,1,1,1
24,01/26/19,DAVIDSON,SAINT LOUIS,08:49,08:04,45,37-38,39-39,1,BRAJKOVIC.LUKA,FRAMPTON.LUKE,GRADY.KELLAN,GUDMUNSSON.JONAXEL,PRITCHETT.KISHAWN,1.0,1,1,1,1,0,0,0,0,0,0,0,0,0,0,1,0.44,0,1,0,0,0,1,1,1,0,0,1,0,0,0,0
25,01/26/19,DAVIDSON,SAINT LOUIS,08:04,02:19,345,39-39,50-48,2,BRAJKOVIC.LUKA,COLLINS.CARTER,FRAMPTON.LUKE,GRADY.KELLAN,GUDMUNSSON.JONAXEL,6.76,3,6,2,2,1,4,4,4,2,0,1,2,2,0,0,7.439999999999999,3,8,1,2,2,6,1,1,3,2,3,1,0,0,4
26,01/26/19,DAVIDSON,SAINT LOUIS,02:19,00:05,134,50-48,54-53,-1,BRAJKOVIC.LUKA,FRAMPTON.LUKE,GRADY.KELLAN,GUDMUNSSON.JONAXEL,PRITCHETT.KISHAWN,3.88,1,2,1,2,0,0,2,2,0,1,0,1,0,0,1,3.0,2,3,1,1,1,2,0,0,2,0,0,1,0,0,1
27,01/26/19,DAVIDSON,SAINT LOUIS,00:05,00:00,5,54-53,54-53,0,BRAJKOVIC.LUKA,COLLINS.CARTER,FRAMPTON.LUKE,GRADY.KELLAN,GUDMUNSSON.JONAXEL,0.0,0,0,0,0,0,0,0,0,0,0,0,1,0,0,1,0.8799999999999999,0,1,0,0,0,1,0,2,0,0,1,0,0,0,0
