0,"November 6, 2018",VCU,GARDNER-WEBB,20:00,15:54,246,0-0,3-4,-1,CROWFIELD.MALIK,JENKINS.DE'RIANTE,MOBLEY.SEAN,SANTOS-SILVA.MARCUS,VANN.ISSAC,5.76,1,8,1,8,0,0,1,4,1,2,6,1,1,1,2,5.879999999999999,1,5,1,4,0,1,2,2,0,3,3,2,1,0,3
1,"November 6, 2018",VCU,GARDNER-WEBB,15:54,14:57,57,3-4,3-5,-1,BYRD.PJ,DOUGLAS.COREY,JENKINS.DE'RIANTE,MOBLEY.SEAN,VANN.ISSAC,2.0,0,1,0,1,0,0,0,0,0,1,0,1,0,0,1,1.88,0,0,0,0,0,0,1,2,0,1,0,1,0,1,1
2,"November 6, 2018",VCU,GARDNER-WEBB,14:57,12:50,127,3-5,8-7,3,BYRD.PJ,DOUGLAS.COREY,JENKINS.DE'RIANTE,MOBLEY.SEAN,SIMMS.MIKE'L,4.0,2,6,1,3,1,3,0,0,2,0,2,2,0,0,0,3.0,1,3,1,2,0,1,0,0,1,0,0,2,0,1,0
3,"November 6, 2018",VCU,GARDNER-WEBB,12:50,11:54,56,8-7,10-7,2,BYRD.PJ,DOUGLAS.COREY,MOBLEY.SEAN,SIMMS.MIKE'L,VANN.ISSAC,1.0,1,2,1,1,0,1,0,0,1,0,1,1,0,1,1,2.0,0,1,0,1,0,0,0,0,0,1,0,0,0,0,0
4,"November 6, 2018",VCU,GARDNER-WEBB,11:54,09:52,122,10-7,15-11,1,BYRD.PJ,DOUGLAS.COREY,SIMMS.MIKE'L,VANN.ISSAC,WILLIAMS.VINCE,4.0,2,3,1,1,1,2,0,0,2,1,0,0,1,1,0,3.0,2,3,2,3,0,0,0,0,2,1,1,1,1,0,1
5,"November 6, 2018",VCU,GARDNER-WEBB,09:52,09:03,49,15-11,18-14,0,EVANS.MARCUS,GILMORE.MICHAEL,SIMMS.MIKE'L,VANN.ISSAC,WILLIAMS.VINCE,2.0,1,2,0,0,1,2,0,0,1,0,0,1,0,0,0,2.0,1,2,0,0,1,2,0,0,1,0,0,1,0,0,0
6,"November 6, 2018",VCU,GARDNER-WEBB,09:03,08:12,51,18-14,20-16,0,EVANS.MARCUS,GILMORE.MICHAEL,MOBLEY.SEAN,SIMMS.MIKE'L,VANN.ISSAC,1.0,1,2,1,2,0,0,0,0,0,0,1,0,1,0,0,2.0,1,2,1,2,0,0,0,0,0,1,1,0,0,1,0
7,"November 6, 2018",VCU,GARDNER-WEBB,08:12,06:23,109,20-16,22-18,0,EVANS.MARCUS,GILMORE.MICHAEL,JENKINS.DE'RIANTE,MOBLEY.SEAN,SIMMS.MIKE'L,3.0,1,3,1,2,0,1,0,0,1,1,1,0,1,0,0,3.0,1,1,1,1,0,0,0,0,0,2,0,1,0,0,1
8,"November 6, 2018",VCU,GARDNER-WEBB,06:23,04:36,107,22-18,24-18,2,CROWFIELD.MALIK,GILMORE.MICHAEL,JENKINS.DE'RIANTE,MOBLEY.SEAN,VANN.ISSAC,3.0,1,2,1,1,0,1,0,0,0,1,0,3,0,0,0,3.0,0,3,0,2,0,1,0,0,0,0,0,1,1,0,0
9,"November 6, 2018",VCU,GARDNER-WEBB,04:36,03:38,58,24-18,27-20,1,CROWFIELD.MALIK,JENKINS.DE'RIANTE,MOBLEY.SEAN,SANTOS-SILVA.MARCUS,VANN.ISSAC,2.76,0,0,0,0,0,0,3,4,0,1,0,0,0,0,0,2.0,1,1,1,1,0,0,0,0,1,1,0,0,0,0,2
10,"November 6, 2018",VCU,GARDNER-WEBB,03:38,00:00,218,27-20,38-22,9,CROWFIELD.MALIK,JENKINS.DE'RIANTE,SANTOS-SILVA.MARCUS,SIMMS.MIKE'L,VANN.ISSAC,7.0,4,7,1,1,3,6,0,0,4,1,1,5,0,1,1,7.44,1,5,1,4,0,1,0,1,0,2,0,2,1,1,0
11,"November 6, 2018",VCU,GARDNER-WEBB,20:00,20:00,0,38-22,38-22,0,,,,,,0.0,0,0,0,0,0,0,0,0,0,0,0,0,0,0,0,0.0,0,0,0,0,0,0,0,0,0,0,0,0,0,0,0
12,"November 6, 2018",VCU,GARDNER-WEBB,20:00,16:00,240,38-22,45-30,-1,CROWFIELD.MALIK,JENKINS.DE'RIANTE,MOBLEY.SEAN,SANTOS-SILVA.MARCUS,VANN.ISSAC,7.44,3,5,3,3,0,2,1,1,0,2,0,1,1,0,2,6.88,3,4,2,3,1,1,1,2,2,2,0,2,0,0,1
13,"November 6, 2018",VCU,GARDNER-WEBB,16:00,14:54,66,45-30,45-32,-2,DOUGLAS.COREY,MOBLEY.SEAN,,,,1.0,0,1,0,0,0,1,0,0,0,0,0,0,0,1,1,1.0,1,3,1,3,0,0,0,0,1,0,2,1,0,0,0
14,"November 6, 2018",VCU,GARDNER-WEBB,14:54,14:38,16,45-32,48-32,3,GILMORE.MICHAEL,VANN.ISSAC,,,,1.44,1,1,1,1,0,0,1,1,1,0,0,0,1,0,0,1.0,0,0,0,0,0,0,0,0,0,1,0,0,0,0,1
15,"November 6, 2018",VCU,GARDNER-WEBB,14:38,14:26,12,48-32,48-34,-2,DOUGLAS.COREY,,,,,0.0,0,0,0,0,0,0,0,0,0,0,0,0,0,0,1,0.88,0,0,0,0,0,0,2,2,0,0,0,0,0,0,0
16,"November 6, 2018",VCU,GARDNER-WEBB,14:26,12:40,106,48-34,50-36,0,GILMORE.MICHAEL,RD.PJ,VANN.ISSAC,WILLIAMS.VINCE,,4.0,1,4,1,3,0,1,0,0,0,1,1,1,1,0,1,3.0,1,2,1,2,0,0,0,0,0,1,0,2,1,0,0
17,"November 6, 2018",VCU,GARDNER-WEBB,12:40,11:21,79,50-36,52-40,-2,GILMORE.MICHAEL,JENKINS.DE'RIANTE,RD.PJ,SIMMS.MIKE'L,,2.0,1,2,1,2,0,0,0,0,0,1,1,1,0,0,1,2.88,1,2,0,0,1,2,1,2,1,0,0,0,1,0,0
18,"November 6, 2018",VCU,GARDNER-WEBB,11:21,09:24,117,52-40,55-47,-4,EVANS.MARCUS,MOBLEY.SEAN,SANTOS-SILVA.MARCUS,SIMMS.MIKE'L,,3.0,1,2,0,1,1,1,0,0,0,1,0,1,0,0,2,3.3200000000000003,2,4,1,2,1,2,2,3,2,1,3,1,0,0,1
19,"November 6, 2018",VCU,GARDNER-WEBB,09:24,05:32,232,55-47,67-52,7,EVANS.MARCUS,MOBLEY.SEAN,SANTOS-SILVA.MARCUS,VANN.ISSAC,,7.199999999999999,4,5,4,5,0,0,4,5,1,1,1,2,1,0,2,5.88,1,3,0,0,1,3,2,2,1,2,0,1,0,1,4
20,"November 6, 2018",VCU,GARDNER-WEBB,05:32,03:53,99,67-52,69-53,1,CROWFIELD.MALIK,JENKINS.DE'RIANTE,WILLIAMS.VINCE,,,2.88,0,1,0,0,0,1,2,2,0,2,1,1,1,1,1,2.88,0,2,0,1,0,1,1,2,0,1,1,0,0,0,1
21,"November 6, 2018",VCU,GARDNER-WEBB,03:53,01:27,146,69-53,69-55,-2,DOUGLAS.COREY,JENKINS.DE'RIANTE,VANN.ISSAC,,,4.0,0,1,0,1,0,0,0,0,0,3,0,3,1,0,2,4.88,1,3,1,2,0,1,0,2,0,1,0,1,0,0,0
22,"November 6, 2018",VCU,GARDNER-WEBB,01:27,00:00,87,69-55,69-57,-2,CROWFIELD.MALIK,DOUGLAS.COREY,JENKINS.DE'RIANTE,,,1.44,0,1,0,0,0,1,0,1,0,1,1,1,0,1,0,2.0,1,3,1,3,0,0,0,0,0,0,1,1,0,0,1
0,"November 9, 2018",VCU,HAMPTON,20:00,16:53,187,0-0,4-2,2,CROWFIELD.MALIK,MOBLEY.SEAN,SANTOS-SILVA.MARCUS,SIMMS.MIKE'L,VANN.ISSAC,5.0,2,4,2,3,0,1,0,0,1,2,1,3,0,0,3,5.0,1,4,1,4,0,0,0,0,1,1,0,1,0,0,2
1,"November 9, 2018",VCU,HAMPTON,16:53,14:31,142,4-2,8-6,0,CROWFIELD.MALIK,DOUGLAS.COREY,MOBLEY.SEAN,SIMMS.MIKE'L,VANN.ISSAC,5.76,1,4,1,3,0,1,2,4,0,1,1,2,0,0,1,4.0,2,5,2,3,0,2,0,0,0,0,1,3,0,0,2
2,"November 9, 2018",VCU,HAMPTON,14:31,13:35,56,8-6,11-6,3,BYRD.PJ,DOUGLAS.COREY,SIMMS.MIKE'L,VANN.ISSAC,WILLIAMS.VINCE,2.0,1,2,0,0,1,2,0,0,1,0,0,2,0,1,1,2.0,0,3,0,1,0,2,0,0,0,0,1,1,0,0,0
3,"November 9, 2018",VCU,HAMPTON,13:35,12:14,81,11-6,18-8,5,BYRD.PJ,SANTOS-SILVA.MARCUS,SIMMS.MIKE'L,VANN.ISSAC,WILLIAMS.VINCE,3.0,3,3,2,2,1,1,0,0,1,0,0,1,1,0,1,3.0,1,2,1,1,0,1,0,0,1,1,0,0,0,0,1
4,"November 9, 2018",VCU,HAMPTON,12:14,11:19,55,18-8,20-8,2,BYRD.PJ,CROWFIELD.MALIK,SANTOS-SILVA.MARCUS,SIMMS.MIKE'L,WILLIAMS.VINCE,1.0,1,1,1,1,0,0,0,0,1,0,0,1,0,0,0,2.0,0,1,0,1,0,0,0,0,0,1,0,0,0,0,2
5,"November 9, 2018",VCU,HAMPTON,11:19,11:08,11,20-8,22-9,1,CROWFIELD.MALIK,CURRY.KESHAWN,DOUGLAS.COREY,EVANS.MARCUS,SANTOS-SILVA.MARCUS,1.0,1,1,1,1,0,0,0,0,0,0,0,0,0,0,1,0.88,0,0,0,0,0,0,1,2,0,0,0,0,0,0,0
6,"November 9, 2018",VCU,HAMPTON,11:08,10:05,63,22-9,23-9,1,CROWFIELD.MALIK,CURRY.KESHAWN,DOUGLAS.COREY,EVANS.MARCUS,GILMORE.MICHAEL,2.88,0,1,0,0,0,1,1,2,0,1,0,3,0,0,1,2.44,0,2,0,1,0,1,0,1,0,0,0,1,0,0,1
7,"November 9, 2018",VCU,HAMPTON,10:05,08:15,110,23-9,23-11,-2,CROWFIELD.MALIK,CURRY.KESHAWN,EVANS.MARCUS,GILMORE.MICHAEL,WILLIAMS.VINCE,3.0,0,1,0,0,0,1,0,0,0,2,0,2,0,0,1,3.0,1,3,1,3,0,0,0,0,0,0,0,2,1,0,0
8,"November 9, 2018",VCU,HAMPTON,08:15,07:45,30,23-11,23-11,0,EVANS.MARCUS,GILMORE.MICHAEL,SIMMS.MIKE'L,VANN.ISSAC,WILLIAMS.VINCE,1.0,0,1,0,0,0,1,0,0,0,0,0,2,0,0,1,1.88,0,1,0,0,0,1,0,2,0,0,0,1,0,0,0
9,"November 9, 2018",VCU,HAMPTON,07:45,05:43,122,23-11,28-11,5,CROWFIELD.MALIK,EVANS.MARCUS,GILMORE.MICHAEL,SIMMS.MIKE'L,WILLIAMS.VINCE,4.76,1,2,1,2,0,0,3,4,1,2,1,2,2,0,1,4.0,0,2,0,2,0,0,0,0,0,2,0,1,0,0,2
10,"November 9, 2018",VCU,HAMPTON,05:43,05:28,15,28-11,28-13,-2,BYRD.PJ,CROWFIELD.MALIK,GILMORE.MICHAEL,SIMMS.MIKE'L,WILLIAMS.VINCE,0.0,0,0,0,0,0,0,0,0,0,0,0,0,0,0,1,0.88,0,0,0,0,0,0,2,2,0,0,0,0,0,0,0
11,"November 9, 2018",VCU,HAMPTON,05:28,03:57,91,28-13,30-13,2,BYRD.PJ,CROWFIELD.MALIK,DOUGLAS.COREY,SIMMS.MIKE'L,WILLIAMS.VINCE,3.76,0,2,0,1,0,1,2,4,0,0,0,2,0,0,0,3.0,0,3,0,3,0,0,0,0,0,1,1,3,0,0,2
12,"November 9, 2018",VCU,HAMPTON,03:57,03:05,52,30-13,31-13,1,BYRD.PJ,CROWFIELD.MALIK,CURRY.KESHAWN,DOUGLAS.COREY,SIMMS.MIKE'L,1.88,0,0,0,0,0,0,1,2,0,1,0,2,0,0,1,2.0,0,4,0,4,0,0,0,0,0,0,2,0,0,0,1
13,"November 9, 2018",VCU,HAMPTON,03:05,02:07,58,31-13,33-15,0,CROWFIELD.MALIK,CURRY.KESHAWN,DOUGLAS.COREY,EVANS.MARCUS,SIMMS.MIKE'L,1.0,1,1,1,1,0,0,0,0,0,0,0,1,0,0,0,2.0,1,4,1,3,0,1,0,0,0,0,2,0,0,0,0
14,"November 9, 2018",VCU,HAMPTON,02:07,00:20,107,33-15,35-17,0,CURRY.KESHAWN,DOUGLAS.COREY,EVANS.MARCUS,SIMMS.MIKE'L,VANN.ISSAC,4.88,1,4,1,3,0,1,0,2,1,1,1,2,1,1,0,4.0,1,4,1,3,0,1,0,0,0,1,1,2,1,1,1
15,"November 9, 2018",VCU,HAMPTON,00:20,00:00,20,35-17,35-19,-2,CROWFIELD.MALIK,CURRY.KESHAWN,DOUGLAS.COREY,EVANS.MARCUS,SIMMS.MIKE'L,0.0,0,0,0,0,0,0,0,0,0,0,0,0,0,0,0,1.0,1,2,1,1,0,1,0,0,0,0,1,1,0,0,0
16,"November 9, 2018",VCU,HAMPTON,20:00,20:00,0,35-19,35-19,0,,,,,,0.0,0,0,0,0,0,0,0,0,0,0,0,0,0,0,0,0.0,0,0,0,0,0,0,0,0,0,0,0,0,0,0,0
17,"November 9, 2018",VCU,HAMPTON,20:00,16:53,187,35-19,40-24,0,CROWFIELD.MALIK,SANTOS-SILVA.MARCUS,SIMMS.MIKE'L,VANN.ISSAC,,6.44,2,6,2,4,0,2,1,1,0,0,0,2,1,1,2,5.88,2,6,2,5,0,1,1,2,1,1,2,4,0,0,2
18,"November 9, 2018",VCU,HAMPTON,16:53,15:01,112,40-24,47-26,5,DOUGLAS.COREY,MOBLEY.SEAN,RD.PJ,VANN.ISSAC,,2.88,2,3,1,2,1,1,2,2,2,0,1,0,1,0,0,3.0,1,1,1,1,0,0,0,0,1,2,0,0,0,1,1
19,"November 9, 2018",VCU,HAMPTON,15:01,11:50,191,47-26,51-31,-1,DOUGLAS.COREY,MOBLEY.SEAN,SIMMS.MIKE'L,VANN.ISSAC,,5.0,2,5,2,5,0,0,0,0,2,0,0,2,1,0,0,5.0,2,5,1,3,1,2,0,0,1,1,1,3,0,1,2
20,"November 9, 2018",VCU,HAMPTON,11:50,10:47,63,51-31,53-31,2,EVANS.MARCUS,GILMORE.MICHAEL,VANN.ISSAC,,,3.88,0,1,0,0,0,1,2,2,0,2,0,1,1,0,0,3.0,0,1,0,0,0,1,0,0,0,2,0,1,0,0,2
21,"November 9, 2018",VCU,HAMPTON,10:47,10:36,11,53-31,53-31,0,EVANS.MARCUS,,,,,1.0,0,0,0,0,0,0,0,0,0,1,0,0,0,0,0,1.0,0,0,0,0,0,0,0,0,0,1,0,0,0,0,1
22,"November 9, 2018",VCU,HAMPTON,10:36,10:28,8,53-31,53-31,0,WILLIAMS.VINCE,,,,,1.0,0,0,0,0,0,0,0,0,0,1,0,0,0,0,1,0.0,0,0,0,0,0,0,0,0,0,0,0,0,0,0,0
23,"November 9, 2018",VCU,HAMPTON,10:28,08:58,90,53-31,56-33,1,CURRY.KESHAWN,EVANS.MARCUS,SANTOS-SILVA.MARCUS,,,2.0,1,2,0,1,1,1,0,0,0,0,0,2,0,0,2,2.88,0,2,0,2,0,0,2,2,0,0,0,1,0,0,0
24,"November 9, 2018",VCU,HAMPTON,08:58,07:13,105,56-33,57-38,-4,CROWFIELD.MALIK,EVANS.MARCUS,GILMORE.MICHAEL,,,2.88,0,2,0,0,0,2,1,2,0,0,0,1,0,1,1,3.44,2,3,2,2,0,1,1,1,1,0,0,2,0,0,1
25,"November 9, 2018",VCU,HAMPTON,07:13,06:42,31,57-38,57-40,-2,CURRY.KESHAWN,RD.PJ,,,,1.0,0,0,0,0,0,0,0,0,0,1,0,0,0,0,1,0.88,0,0,0,0,0,0,2,2,0,0,0,0,0,0,0
26,"November 9, 2018",VCU,HAMPTON,06:42,05:44,58,57-40,57-45,-5,DOUGLAS.COREY,RD.PJ,SIMMS.MIKE'L,,,2.0,0,1,0,1,0,0,0,0,0,1,0,0,0,0,3,2.2,0,0,0,0,0,0,5,5,0,0,0,1,0,0,0
27,"November 9, 2018",VCU,HAMPTON,05:44,05:16,28,57-45,57-45,0,SIMMS.MIKE'L,,,,,1.0,0,1,0,0,0,1,0,0,0,0,0,0,0,0,0,0.0,0,0,0,0,0,0,0,0,0,0,0,1,0,0,0
28,"November 9, 2018",VCU,HAMPTON,05:16,00:41,275,57-45,69-57,0,EVANS.MARCUS,GILMORE.MICHAEL,MOBLEY.SEAN,SANTOS-SILVA.MARCUS,VANN.ISSAC,7.640000000000001,4,5,3,4,1,1,3,6,4,0,0,2,0,0,2,8.2,3,4,1,2,2,2,4,5,1,2,0,2,0,0,3
29,"November 9, 2018",VCU,HAMPTON,00:41,00:35,6,69-57,69-57,0,,,,,,0.0,0,0,0,0,0,0,0,0,0,0,0,0,0,0,0,1.0,0,0,0,0,0,0,0,0,0,1,0,1,0,0,0
30,"November 9, 2018",VCU,HAMPTON,00:35,00:00,35,69-57,69-57,0,EVANS.MARCUS,,,,,0.0,0,1,0,0,0,1,0,0,0,0,1,0,0,0,0,0.0,0,0,0,0,0,0,0,0,0,0,0,0,0,0,0
0,"November 12, 2018",VCU,BOWLING GREEN,20:00,15:36,264,0-0,8-10,-2,CROWFIELD.MALIK,DOUGLAS.COREY,JENKINS.DE'RIANTE,SANTOS-SILVA.MARCUS,VANN.ISSAC,5.88,2,7,0,2,2,5,2,2,2,0,2,1,1,0,2,7.0,4,7,2,3,2,4,0,0,2,2,2,3,0,0,3
1,"November 12, 2018",VCU,BOWLING GREEN,15:36,14:05,91,8-10,11-10,3,CROWFIELD.MALIK,SANTOS-SILVA.MARCUS,SIMMS.MIKE'L,VANN.ISSAC,WILLIAMS.VINCE,3.0,1,3,0,1,1,2,0,0,1,0,0,2,0,0,2,2.0,0,2,0,0,0,2,0,0,0,0,0,2,0,0,0
2,"November 12, 2018",VCU,BOWLING GREEN,14:05,14:04,1,11-10,11-10,0,CROWFIELD.MALIK,GILMORE.MICHAEL,SIMMS.MIKE'L,VANN.ISSAC,WILLIAMS.VINCE,0.0,0,0,0,0,0,0,0,0,0,0,0,0,0,0,0,1.0,0,0,0,0,0,0,0,0,0,1,0,0,0,0,0
3,"November 12, 2018",VCU,BOWLING GREEN,14:04,13:29,35,11-10,11-12,-2,BYRD.PJ,GILMORE.MICHAEL,SIMMS.MIKE'L,VANN.ISSAC,WILLIAMS.VINCE,1.0,0,1,0,0,0,1,0,0,0,0,0,0,0,0,1,0.88,0,0,0,0,0,0,2,2,0,0,0,1,0,0,0
4,"November 12, 2018",VCU,BOWLING GREEN,13:29,11:52,97,11-12,13-15,-1,BYRD.PJ,GILMORE.MICHAEL,JENKINS.DE'RIANTE,SIMMS.MIKE'L,WILLIAMS.VINCE,4.0,1,2,1,1,0,1,0,0,1,2,0,0,1,0,2,3.88,1,1,1,1,0,0,1,2,0,2,0,1,0,0,1
5,"November 12, 2018",VCU,BOWLING GREEN,11:52,10:44,68,13-15,19-17,4,EVANS.MARCUS,GILMORE.MICHAEL,JENKINS.DE'RIANTE,SIMMS.MIKE'L,WILLIAMS.VINCE,2.44,2,3,1,1,1,2,1,1,1,0,1,0,1,0,0,2.0,1,1,1,1,0,0,0,0,1,1,0,0,0,0,2
6,"November 12, 2018",VCU,BOWLING GREEN,10:44,10:30,14,19-17,20-17,1,CROWFIELD.MALIK,EVANS.MARCUS,GILMORE.MICHAEL,VANN.ISSAC,WILLIAMS.VINCE,0.8799999999999999,0,1,0,1,0,0,1,2,0,0,1,0,0,0,0,0.0,0,0,0,0,0,0,0,0,0,0,0,0,0,1,1
7,"November 12, 2018",VCU,BOWLING GREEN,10:30,08:33,117,20-17,24-17,4,CROWFIELD.MALIK,DOUGLAS.COREY,EVANS.MARCUS,VANN.ISSAC,WILLIAMS.VINCE,3.2,0,1,0,1,0,0,4,5,0,1,1,2,1,0,0,4.0,0,3,0,2,0,1,0,0,0,2,1,1,0,0,3
8,"November 12, 2018",VCU,BOWLING GREEN,08:33,06:36,117,24-17,28-19,2,CROWFIELD.MALIK,DOUGLAS.COREY,EVANS.MARCUS,SIMMS.MIKE'L,VANN.ISSAC,3.88,1,1,1,1,0,0,2,2,0,2,0,2,0,1,1,4.0,1,4,1,3,0,1,0,0,0,1,1,0,1,0,1
9,"November 12, 2018",VCU,BOWLING GREEN,06:36,05:10,86,28-19,30-22,-1,CROWFIELD.MALIK,GILMORE.MICHAEL,JENKINS.DE'RIANTE,SIMMS.MIKE'L,VANN.ISSAC,2.0,1,3,1,1,0,2,0,0,0,0,1,0,1,0,2,2.76,0,0,0,0,0,0,3,4,0,1,0,1,0,0,0
10,"November 12, 2018",VCU,BOWLING GREEN,05:10,04:14,56,30-22,30-24,-2,CROWFIELD.MALIK,JENKINS.DE'RIANTE,SIMMS.MIKE'L,VANN.ISSAC,WILLIAMS.VINCE,1.0,0,1,0,0,0,1,0,0,0,0,0,0,0,0,0,1.0,1,3,1,2,0,1,0,0,0,0,2,1,0,0,1
11,"November 12, 2018",VCU,BOWLING GREEN,04:14,03:31,43,30-24,33-24,3,CROWFIELD.MALIK,DOUGLAS.COREY,JENKINS.DE'RIANTE,VANN.ISSAC,WILLIAMS.VINCE,2.88,1,1,1,1,0,0,1,2,0,1,0,2,0,0,0,2.0,0,2,0,1,0,1,0,0,0,0,0,0,0,0,0
12,"November 12, 2018",VCU,BOWLING GREEN,03:31,01:25,126,33-24,35-25,1,DOUGLAS.COREY,EVANS.MARCUS,JENKINS.DE'RIANTE,VANN.ISSAC,WILLIAMS.VINCE,3.0,1,2,1,1,0,1,0,0,1,1,0,0,1,2,1,3.88,0,2,0,2,0,0,1,2,0,3,2,1,0,0,2
13,"November 12, 2018",VCU,BOWLING GREEN,01:25,00:21,64,35-25,42-25,7,CROWFIELD.MALIK,DOUGLAS.COREY,EVANS.MARCUS,JENKINS.DE'RIANTE,WILLIAMS.VINCE,3.44,3,3,3,3,0,0,1,1,2,0,0,0,2,0,0,2.0,0,0,0,0,0,0,0,0,0,2,0,0,0,0,1
14,"November 12, 2018",VCU,BOWLING GREEN,00:21,00:00,21,42-25,42-28,-3,CROWFIELD.MALIK,DOUGLAS.COREY,EVANS.MARCUS,JENKINS.DE'RIANTE,SIMMS.MIKE'L,0.0,0,0,0,0,0,0,0,0,0,0,0,0,0,0,0,1.0,1,1,0,0,1,1,0,0,0,0,0,0,0,0,0
15,"November 12, 2018",VCU,BOWLING GREEN,20:00,20:00,0,42-28,42-28,0,,,,,,0.0,0,0,0,0,0,0,0,0,0,0,0,0,0,0,0,0.0,0,0,0,0,0,0,0,0,0,0,0,0,0,0,0
16,"November 12, 2018",VCU,BOWLING GREEN,20:00,15:10,290,42-28,48-30,4,CROWFIELD.MALIK,DOUGLAS.COREY,JENKINS.DE'RIANTE,SANTOS-SILVA.MARCUS,VANN.ISSAC,6.880000000000001,2,8,1,4,1,4,1,2,1,0,2,3,1,1,1,8.0,1,5,1,5,0,0,0,0,1,4,1,5,0,0,3
17,"November 12, 2018",VCU,BOWLING GREEN,15:10,13:55,75,48-30,50-33,-1,DOUGLAS.COREY,EVANS.MARCUS,JENKINS.DE'RIANTE,SIMMS.MIKE'L,,2.0,1,2,1,2,0,0,0,0,1,0,0,0,0,0,1,1.0,1,1,0,0,1,1,0,0,1,0,0,1,0,0,0
18,"November 12, 2018",VCU,BOWLING GREEN,13:55,13:29,26,50-33,50-33,0,JENKINS.DE'RIANTE,,,,,0.0,0,0,0,0,0,0,0,0,0,0,0,0,0,0,1,0.0,0,2,0,2,0,0,0,0,0,0,2,0,0,0,0
19,"November 12, 2018",VCU,BOWLING GREEN,13:29,11:50,99,50-33,51-35,-1,CROWFIELD.MALIK,EVANS.MARCUS,SANTOS-SILVA.MARCUS,SIMMS.MIKE'L,,2.88,0,1,0,1,0,0,1,2,0,1,0,1,1,0,2,4.0,1,2,1,2,0,0,0,0,0,2,0,2,1,0,1
20,"November 12, 2018",VCU,BOWLING GREEN,11:50,09:49,121,51-35,60-35,9,CROWFIELD.MALIK,EVANS.MARCUS,GILMORE.MICHAEL,,,5.44,3,6,1,3,2,3,1,1,2,0,1,0,1,0,0,4.0,0,0,0,0,0,0,0,0,0,4,0,2,0,0,3
21,"November 12, 2018",VCU,BOWLING GREEN,09:49,09:28,21,60-35,60-35,0,CROWFIELD.MALIK,GILMORE.MICHAEL,,,,0.0,0,0,0,0,0,0,0,0,0,0,0,1,0,0,1,0.88,0,0,0,0,0,0,0,2,0,0,0,0,0,0,0
22,"November 12, 2018",VCU,BOWLING GREEN,09:28,08:52,36,60-35,60-38,-3,GILMORE.MICHAEL,RD.PJ,,,,2.0,0,1,0,0,0,1,0,0,0,1,0,1,0,0,1,2.44,1,2,1,1,0,1,1,1,1,0,0,1,1,0,0
23,"November 12, 2018",VCU,BOWLING GREEN,08:52,07:46,66,60-38,60-40,-2,RD.PJ,SANTOS-SILVA.MARCUS,WILLIAMS.VINCE,,,3.0,0,1,0,1,0,0,0,0,0,2,0,1,0,0,2,2.76,0,1,0,1,0,0,2,4,0,1,1,1,1,0,0
24,"November 12, 2018",VCU,BOWLING GREEN,07:46,05:49,117,60-40,65-44,1,DOUGLAS.COREY,JENKINS.DE'RIANTE,RD.PJ,SANTOS-SILVA.MARCUS,VANN.ISSAC,3.64,0,1,0,0,0,1,5,6,0,0,0,1,0,2,1,3.88,1,5,1,4,0,1,2,2,0,1,3,2,0,0,3
25,"November 12, 2018",VCU,BOWLING GREEN,05:49,03:42,127,65-44,68-49,-2,DOUGLAS.COREY,JENKINS.DE'RIANTE,RD.PJ,SIMMS.MIKE'L,VANN.ISSAC,4.0,1,2,0,0,1,2,0,0,1,2,0,1,0,0,2,3.76,1,4,1,4,0,0,3,4,0,0,2,1,1,0,0
26,"November 12, 2018",VCU,BOWLING GREEN,03:42,01:00,162,68-49,72-56,-3,CROWFIELD.MALIK,DOUGLAS.COREY,EVANS.MARCUS,JENKINS.DE'RIANTE,WILLIAMS.VINCE,4.88,1,5,1,3,0,2,2,2,0,0,1,1,0,0,2,4.76,2,4,1,1,1,3,2,4,1,0,1,3,0,0,1
27,"November 12, 2018",VCU,BOWLING GREEN,01:00,00:00,60,72-56,72-61,-5,CURRY.KESHAWN,JACKSON.XAVIER,,,,2.0,0,1,0,0,0,1,0,0,0,2,1,1,0,0,0,2.0,2,2,1,1,1,1,0,0,1,0,0,0,1,0,0
0,"November 19, 2018",VCU,TEMPLE,20:00,15:33,267,0-0,9-0,9,DOUGLAS.COREY,EVANS.MARCUS,JENKINS.DE'RIANTE,SANTOS-SILVA.MARCUS,VANN.ISSAC,9.44,4,8,3,5,1,3,0,1,3,1,0,4,2,1,0,9.0,0,7,0,3,0,4,0,0,0,4,2,5,0,0,3
1,"November 19, 2018",VCU,TEMPLE,15:33,13:32,121,9-0,14-2,3,BYRD.PJ,CROWFIELD.MALIK,MOBLEY.SEAN,SANTOS-SILVA.MARCUS,VANN.ISSAC,2.0,2,3,1,1,1,2,0,0,1,0,1,1,1,0,0,2.0,0,2,0,2,0,0,0,0,0,1,1,0,0,0,0
2,"November 19, 2018",VCU,TEMPLE,13:32,11:40,112,14-2,19-4,3,CROWFIELD.MALIK,MOBLEY.SEAN,SANTOS-SILVA.MARCUS,SIMMS.MIKE'L,,3.0,2,2,1,1,1,1,0,0,2,1,0,0,1,0,1,2.0,1,2,1,2,0,0,0,0,1,1,1,0,1,0,0
3,"November 19, 2018",VCU,TEMPLE,11:40,10:51,49,19-4,19-4,0,CROWFIELD.MALIK,MOBLEY.SEAN,,,,1.0,0,1,0,0,0,1,0,0,0,0,0,2,0,0,0,2.0,0,3,0,1,0,2,0,0,0,0,1,1,0,0,0
4,"November 19, 2018",VCU,TEMPLE,10:51,08:52,119,19-4,21-8,-2,DOUGLAS.COREY,EVANS.MARCUS,JENKINS.DE'RIANTE,MOBLEY.SEAN,,3.0,1,3,1,1,0,2,0,0,1,1,1,1,0,0,0,3.0,2,3,2,3,0,0,0,0,1,0,0,1,1,0,1
5,"November 19, 2018",VCU,TEMPLE,08:52,08:10,42,21-8,21-8,0,DOUGLAS.COREY,,,,,1.0,0,0,0,0,0,0,0,0,0,1,0,0,1,0,0,1.0,0,0,0,0,0,0,0,0,0,1,0,0,1,0,0
6,"November 19, 2018",VCU,TEMPLE,08:10,07:44,26,21-8,22-8,1,DOUGLAS.COREY,EVANS.MARCUS,,,,0.88,0,0,0,0,0,0,1,2,0,0,0,0,0,1,0,0.0,0,1,0,1,0,0,0,0,0,0,1,1,0,0,1
7,"November 19, 2018",VCU,TEMPLE,07:44,07:38,6,22-8,22-11,-3,GILMORE.MICHAEL,,,,,0.0,0,0,0,0,0,0,0,0,0,0,0,0,0,0,1,1.44,1,1,1,1,0,0,1,1,1,0,0,0,0,0,0
8,"November 19, 2018",VCU,TEMPLE,07:38,06:21,77,22-11,22-11,0,EVANS.MARCUS,GILMORE.MICHAEL,VANN.ISAAC,,,2.0,0,1,0,0,0,1,0,0,0,1,0,2,0,0,0,2.0,0,3,0,1,0,2,0,0,0,0,1,1,1,1,1
9,"November 19, 2018",VCU,TEMPLE,06:21,04:42,99,22-11,24-11,2,EVANS.MARCUS,MOBLEY.SEAN,SANTOS-SILVA.MARCUS,WILLIAMS.VINCE,,3.76,0,0,0,0,0,0,2,4,0,2,0,4,0,0,2,3.88,0,4,0,1,0,3,0,2,0,0,1,1,2,0,2
10,"November 19, 2018",VCU,TEMPLE,04:42,03:19,83,24-11,26-15,-2,DOUGLAS.COREY,EVANS.MARCUS,JENKINS.DE'RIANTE,,,4.0,1,2,1,1,0,1,0,0,0,2,0,1,0,1,2,2.0,2,4,2,4,0,0,0,0,0,0,2,1,2,0,0
11,"November 19, 2018",VCU,TEMPLE,03:19,02:44,35,26-15,26-18,-3,EVANS.MARCUS,MOBLEY.SEAN,,,,1.0,0,1,0,1,0,0,0,0,0,0,0,0,0,0,1,2.44,1,1,1,1,0,0,1,1,0,1,0,1,0,0,1
12,"November 19, 2018",VCU,TEMPLE,02:44,01:28,76,26-18,26-21,-3,GILMORE.MICHAEL,JENKINS.DE'RIANTE,,,,2.0,0,0,0,0,0,0,0,0,0,2,0,1,0,0,1,2.0,1,2,0,0,1,2,0,0,0,0,0,0,0,0,0
13,"November 19, 2018",VCU,TEMPLE,01:28,00:00,88,26-21,28-21,2,JENKINS.DE'RIANTE,RD.PJ,VANN.ISAAC,,,2.0,1,1,1,1,0,0,0,0,0,1,0,1,0,0,0,1.0,0,2,0,0,0,2,0,0,0,0,1,0,1,0,0
14,"November 19, 2018",VCU,TEMPLE,20:00,17:07,173,28-21,31-31,-7,DOUGLAS.COREY,EVANS.MARCUS,JENKINS.DE'RIANTE,VANN.ISAAC,,5.0,1,2,0,0,1,2,0,0,1,3,0,0,0,0,3,6.32,3,3,2,2,1,1,3,3,1,2,0,1,2,0,1
15,"November 19, 2018",VCU,TEMPLE,17:07,15:57,70,31-31,31-31,0,EVANS.MARCUS,VANN.ISAAC,,,,2.0,0,2,0,1,0,1,0,0,0,0,0,0,0,0,1,1.0,0,0,0,0,0,0,0,0,0,1,0,2,0,0,0
16,"November 19, 2018",VCU,TEMPLE,15:57,13:05,172,31-31,38-33,5,CROWFIELD.MALIK,DOUGLAS.COREY,SIMMS.MIKE'L,VANN.ISAAC,,5.44,3,4,2,3,1,1,0,1,2,1,0,2,1,0,2,5.0,1,3,1,1,0,2,0,0,0,2,0,2,0,0,1
17,"November 19, 2018",VCU,TEMPLE,13:05,12:48,17,38-33,38-33,0,SANTOS-SILVA.MARCUS,,,,,0.0,0,0,0,0,0,0,0,0,0,0,0,0,0,0,1,-0.56,0,1,0,0,0,1,0,1,0,0,2,0,0,0,0
18,"November 19, 2018",VCU,TEMPLE,12:48,10:23,145,38-33,40-39,-4,CROWFIELD.MALIK,JENKINS.DE'RIANTE,MOBLEY.SEAN,SIMMS.MIKE'L,,4.0,1,3,1,1,0,2,0,0,0,1,0,2,0,0,1,3.44,2,3,0,0,2,3,0,1,2,0,0,2,1,0,0
19,"November 19, 2018",VCU,TEMPLE,10:23,07:47,156,40-39,44-43,0,CROWFIELD.MALIK,JENKINS.DE'RIANTE,SANTOS-SILVA.MARCUS,SIMMS.MIKE'L,,3.0,2,5,2,4,0,1,0,0,0,1,3,1,0,0,1,3.0,2,3,2,3,0,0,0,0,1,0,0,0,0,0,1
20,"November 19, 2018",VCU,TEMPLE,07:47,06:29,78,44-43,44-47,-4,JENKINS.DE'RIANTE,,,,,1.0,0,1,0,1,0,0,0,0,0,0,0,0,0,0,0,2.0,2,2,2,2,0,0,0,0,1,0,0,1,0,0,1
21,"November 19, 2018",VCU,TEMPLE,06:29,06:03,26,44-47,44-47,0,DOUGLAS.COREY,VANN.ISAAC,,,,0.0,0,1,0,1,0,0,0,0,0,0,1,1,0,0,0,1.0,0,1,0,1,0,0,0,0,0,0,0,1,0,0,1
22,"November 19, 2018",VCU,TEMPLE,06:03,00:15,348,44-47,55-51,7,EVANS.MARCUS,MOBLEY.SEAN,SANTOS-SILVA.MARCUS,SIMMS.MIKE'L,VANN.ISAAC,8.32,4,7,3,5,1,2,2,3,1,1,1,6,0,0,3,7.640000000000001,1,8,1,3,0,5,2,6,0,1,4,3,1,0,2
23,"November 19, 2018",VCU,TEMPLE,00:15,00:13,2,55-51,57-51,2,VANN.ISAAC,,,,,0.88,0,0,0,0,0,0,2,2,0,0,0,0,0,0,0,0.0,0,0,0,0,0,0,0,0,0,0,0,0,0,0,1
24,"November 19, 2018",VCU,TEMPLE,00:13,00:00,13,57-51,57-51,0,EVANS.MARCUS,,,,,0.0,0,0,0,0,0,0,0,0,0,0,0,1,0,0,0,1.0,0,1,0,0,0,1,0,0,0,0,0,0,0,0,0
0,"November 20, 2018",VCU,ST. JOHN'S,20:00,16:51,189,0-0,3-6,-3,DOUGLAS.COREY,EVANS.MARCUS,JENKINS.DE'RIANTE,SANTOS-SILVA.MARCUS,VANN.ISSAC,7.0,1,4,0,1,1,3,0,0,1,3,0,3,0,0,0,6.0,3,6,3,4,0,2,0,0,3,0,0,3,2,0,0
1,"November 20, 2018",VCU,ST. JOHN'S,16:51,16:44,7,3-6,3-6,0,EVANS.MARCUS,JENKINS.DE'RIANTE,MOBLEY.SEAN,SANTOS-SILVA.MARCUS,VANN.ISSAC,0.0,0,0,0,0,0,0,0,0,0,0,0,0,0,0,1,0.0,0,0,0,0,0,0,0,0,0,0,0,0,0,0,0
2,"November 20, 2018",VCU,ST. JOHN'S,16:44,16:29,15,3-6,3-6,0,EVANS.MARCUS,MOBLEY.SEAN,SANTOS-SILVA.MARCUS,SIMMS.MIKE'L,VANN.ISSAC,1.0,0,0,0,0,0,0,0,0,0,1,0,0,1,0,1,1.0,0,0,0,0,0,0,0,0,0,1,0,0,0,0,0
3,"November 20, 2018",VCU,ST. JOHN'S,16:29,14:42,107,3-6,11-8,6,CROWFIELD.MALIK,MOBLEY.SEAN,SANTOS-SILVA.MARCUS,SIMMS.MIKE'L,VANN.ISSAC,4.2,1,1,0,0,1,1,5,5,1,1,0,3,0,0,0,4.0,1,4,1,4,0,0,0,0,1,0,0,0,1,0,2
4,"November 20, 2018",VCU,ST. JOHN'S,14:42,12:37,125,11-8,11-10,-2,GILMORE.MICHAEL,JENKINS.DE'RIANTE,SIMMS.MIKE'L,,,4.0,0,4,0,2,0,2,0,0,0,1,1,3,1,0,0,5.0,1,4,1,2,0,2,0,0,0,1,0,3,1,0,2
5,"November 20, 2018",VCU,ST. JOHN'S,12:37,11:58,39,11-10,11-10,0,JENKINS.DE'RIANTE,MOBLEY.SEAN,,,,1.0,0,1,0,0,0,1,0,0,0,0,0,0,0,0,2,0.0,0,0,0,0,0,0,0,0,0,0,0,1,0,0,0
6,"November 20, 2018",VCU,ST. JOHN'S,11:58,10:50,68,11-10,11-13,-3,CROWFIELD.MALIK,DOUGLAS.COREY,EVANS.MARCUS,GILMORE.MICHAEL,JENKINS.DE'RIANTE,2.0,0,1,0,0,0,1,0,0,0,2,1,0,0,1,1,2.0,1,2,0,1,1,1,0,0,1,1,1,0,1,0,0
7,"November 20, 2018",VCU,ST. JOHN'S,10:50,09:49,61,11-13,14-15,1,EVANS.MARCUS,GILMORE.MICHAEL,JENKINS.DE'RIANTE,VANN.ISAAC,,2.0,1,1,0,0,1,1,0,0,1,1,0,1,0,0,1,2.0,1,2,1,1,0,1,0,0,1,0,0,0,1,0,0
8,"November 20, 2018",VCU,ST. JOHN'S,09:49,06:49,180,14-15,21-22,0,DOUGLAS.COREY,RD.PJ,SANTOS-SILVA.MARCUS,SIMMS.MIKE'L,VANN.ISAAC,5.0,3,5,2,3,1,2,0,0,3,1,1,2,1,0,1,5.88,2,5,1,3,1,2,2,2,1,1,1,1,0,0,0
9,"November 20, 2018",VCU,ST. JOHN'S,06:49,05:59,50,21-22,23-24,0,DOUGLAS.COREY,JENKINS.DE'RIANTE,WILLIAMS.VINCE,,,1.88,0,0,0,0,0,0,2,2,0,1,0,1,0,0,1,1.88,0,1,0,0,0,1,2,2,0,0,0,0,0,0,1
10,"November 20, 2018",VCU,ST. JOHN'S,05:59,03:55,124,23-24,25-24,2,CROWFIELD.MALIK,DOUGLAS.COREY,RD.PJ,SIMMS.MIKE'L,WILLIAMS.VINCE,4.0,1,2,1,1,0,1,0,0,0,2,0,2,1,0,0,4.0,0,3,0,2,0,1,0,0,0,2,1,1,2,0,0
11,"November 20, 2018",VCU,ST. JOHN'S,03:55,01:06,169,25-24,31-30,0,CROWFIELD.MALIK,SANTOS-SILVA.MARCUS,SIMMS.MIKE'L,VANN.ISAAC,WILLIAMS.VINCE,3.88,2,4,0,1,2,3,0,2,2,0,1,1,0,0,2,3.88,2,3,2,2,0,1,2,2,1,0,0,2,0,0,1
12,"November 20, 2018",VCU,ST. JOHN'S,01:06,00:00,66,31-30,36-31,4,CROWFIELD.MALIK,SIMMS.MIKE'L,VANN.ISAAC,VANN.ISSAC,WILLIAMS.VINCE,2.88,1,2,0,0,1,2,2,2,1,0,0,1,0,0,1,1.88,0,1,0,1,0,0,1,2,0,0,0,1,0,0,1
13,"November 20, 2018",VCU,ST. JOHN'S,20:00,16:07,233,36-31,47-39,3,DOUGLAS.COREY,EVANS.MARCUS,JENKINS.DE'RIANTE,SANTOS-SILVA.MARCUS,VANN.ISAAC,5.44,3,5,1,3,2,2,1,1,2,2,2,3,0,1,2,6.44,3,6,2,5,1,1,1,1,2,0,0,0,0,1,3
14,"November 20, 2018",VCU,ST. JOHN'S,16:07,15:34,33,47-39,47-41,-2,CROWFIELD.MALIK,EVANS.MARCUS,JENKINS.DE'RIANTE,MOBLEY.SEAN,SANTOS-SILVA.MARCUS,1.0,0,1,0,1,0,0,0,0,0,0,0,0,1,0,0,2.0,1,1,1,1,0,0,0,0,1,1,0,1,0,0,1
15,"November 20, 2018",VCU,ST. JOHN'S,15:34,14:50,44,47-41,48-44,-2,CROWFIELD.MALIK,EVANS.MARCUS,JENKINS.DE'RIANTE,MOBLEY.SEAN,SIMMS.MIKE'L,2.88,0,1,0,0,0,1,1,2,0,1,0,1,0,0,1,2.44,1,2,1,2,0,0,1,1,1,0,0,1,1,0,1
16,"November 20, 2018",VCU,ST. JOHN'S,14:50,14:10,40,48-44,50-46,0,CROWFIELD.MALIK,JENKINS.DE'RIANTE,MOBLEY.SEAN,SIMMS.MIKE'L,VANN.ISAAC,1.0,1,1,1,1,0,0,0,0,0,0,0,0,0,0,1,1.0,1,1,1,1,0,0,0,0,0,0,0,0,0,0,0
17,"November 20, 2018",VCU,ST. JOHN'S,14:10,13:46,24,50-46,50-46,0,CROWFIELD.MALIK,DOUGLAS.COREY,JENKINS.DE'RIANTE,SIMMS.MIKE'L,VANN.ISAAC,0.0,0,0,0,0,0,0,0,0,0,0,0,1,0,0,0,1.0,0,1,0,1,0,0,0,0,0,0,0,0,0,0,1
18,"November 20, 2018",VCU,ST. JOHN'S,13:46,09:39,247,50-46,60-56,0,CROWFIELD.MALIK,DOUGLAS.COREY,EVANS.MARCUS,SIMMS.MIKE'L,VANN.ISAAC,9.44,4,8,3,3,1,5,1,1,0,1,0,3,0,0,0,7.0,3,8,1,4,2,4,0,0,1,1,2,4,1,0,1
19,"November 20, 2018",VCU,ST. JOHN'S,09:39,08:20,79,60-56,60-58,-2,EVANS.MARCUS,JENKINS.DE'RIANTE,SANTOS-SILVA.MARCUS,VANN.ISAAC,WILLIAMS.VINCE,2.0,0,2,0,1,0,1,0,0,0,0,0,1,0,0,0,2.0,1,2,1,1,0,1,0,0,0,0,0,2,0,0,0
20,"November 20, 2018",VCU,ST. JOHN'S,08:20,06:45,95,60-58,65-63,0,CROWFIELD.MALIK,JENKINS.DE'RIANTE,SANTOS-SILVA.MARCUS,SIMMS.MIKE'L,WILLIAMS.VINCE,3.0,2,2,1,1,1,1,0,0,2,1,0,1,0,1,2,3.0,2,5,1,4,1,1,0,0,2,0,2,0,1,0,0
21,"November 20, 2018",VCU,ST. JOHN'S,06:45,05:44,61,65-63,65-66,-3,CROWFIELD.MALIK,DOUGLAS.COREY,JENKINS.DE'RIANTE,SANTOS-SILVA.MARCUS,SIMMS.MIKE'L,1.0,0,1,0,0,0,1,0,0,0,0,0,1,0,0,1,1.88,1,1,1,1,0,0,1,2,0,0,0,1,0,0,0
22,"November 20, 2018",VCU,ST. JOHN'S,05:44,00:05,339,65-66,73-73,1,DOUGLAS.COREY,EVANS.MARCUS,JENKINS.DE'RIANTE,SIMMS.MIKE'L,VANN.ISAAC,9.64,2,6,1,3,1,3,3,6,2,3,2,4,0,1,1,7.88,3,7,3,5,0,2,1,2,1,0,0,2,2,0,4
23,"November 20, 2018",VCU,ST. JOHN'S,00:05,00:01,4,73-73,73-73,0,CROWFIELD.MALIK,DOUGLAS.COREY,EVANS.MARCUS,SIMMS.MIKE'L,VANN.ISAAC,0.0,0,0,0,0,0,0,0,0,0,0,0,1,0,0,0,1.0,0,1,0,0,0,1,0,0,0,0,0,0,0,0,0
24,"November 20, 2018",VCU,ST. JOHN'S,00:01,00:00,1,73-73,73-73,0,CROWFIELD.MALIK,DOUGLAS.COREY,EVANS.MARCUS,MOBLEY.SEAN,VANN.ISAAC,0.0,0,0,0,0,0,0,0,0,0,0,0,0,0,0,0,0.0,0,0,0,0,0,0,0,0,0,0,0,0,0,0,0
25,"November 20, 2018",VCU,ST. JOHN'S,05:00,02:28,152,73-73,78-77,1,DOUGLAS.COREY,EVANS.MARCUS,JENKINS.DE'RIANTE,SANTOS-SILVA.MARCUS,VANN.ISAAC,4.0,2,4,1,3,1,1,0,0,1,1,1,1,0,0,2,3.3200000000000003,1,2,1,2,0,0,2,3,0,1,1,1,1,0,1
26,"November 20, 2018",VCU,ST. JOHN'S,02:28,01:08,80,78-77,82-81,0,EVANS.MARCUS,JENKINS.DE'RIANTE,SANTOS-SILVA.MARCUS,SIMMS.MIKE'L,VANN.ISAAC,2.88,1,3,1,2,0,1,2,2,0,0,1,1,0,0,2,1.3200000000000003,0,2,0,1,0,1,2,3,0,0,2,1,0,0,1
27,"November 20, 2018",VCU,ST. JOHN'S,01:08,00:55,13,82-81,82-83,-2,DOUGLAS.COREY,EVANS.MARCUS,JENKINS.DE'RIANTE,SIMMS.MIKE'L,VANN.ISAAC,0.0,0,0,0,0,0,0,0,0,0,0,0,0,0,0,1,0.88,0,0,0,0,0,0,2,2,0,0,0,0,0,0,0
28,"November 20, 2018",VCU,ST. JOHN'S,00:55,00:41,14,82-83,84-83,2,EVANS.MARCUS,JENKINS.DE'RIANTE,SANTOS-SILVA.MARCUS,SIMMS.MIKE'L,VANN.ISAAC,0.88,0,0,0,0,0,0,2,2,0,0,0,0,0,0,0,0.0,0,0,0,0,0,0,0,0,0,0,0,0,0,0,1
29,"November 20, 2018",VCU,ST. JOHN'S,00:41,00:28,13,84-83,84-85,-2,DOUGLAS.COREY,EVANS.MARCUS,JENKINS.DE'RIANTE,SIMMS.MIKE'L,VANN.ISAAC,0.0,0,0,0,0,0,0,0,0,0,0,0,0,0,0,1,0.88,0,0,0,0,0,0,2,2,0,0,0,0,0,0,0
30,"November 20, 2018",VCU,ST. JOHN'S,00:28,00:10,18,84-85,86-85,2,EVANS.MARCUS,JENKINS.DE'RIANTE,SANTOS-SILVA.MARCUS,SIMMS.MIKE'L,VANN.ISAAC,0.88,0,0,0,0,0,0,2,2,0,0,0,0,0,0,0,0.0,0,0,0,0,0,0,0,0,0,0,0,0,0,0,1
31,"November 20, 2018",VCU,ST. JOHN'S,00:10,00:00,10,86-85,86-87,-2,DOUGLAS.COREY,EVANS.MARCUS,JENKINS.DE'RIANTE,SIMMS.MIKE'L,VANN.ISAAC,1.0,0,1,0,0,0,1,0,0,0,0,0,0,0,0,0,1.0,1,1,1,1,0,0,0,0,0,0,0,1,0,0,0
0,"November 24, 2018",VCU,HOFSTRA,20:00,13:49,371,0-0,8-4,4,EVANS.MARCUS,JENKINS.DE'RIANTE,MOBLEY.SEAN,SANTOS-SILVA.MARCUS,VANN.ISSAC,10.0,3,11,1,4,2,7,0,0,2,1,2,6,1,1,0,10.0,2,10,2,5,0,5,0,0,2,2,2,6,1,0,2
1,"November 24, 2018",VCU,HOFSTRA,13:49,13:09,40,8-4,8-8,-4,CROWFIELD.MALIK,DOUGLAS.COREY,SANTOS-SILVA.MARCUS,SIMMS.MIKE'L,VANN.ISSAC,1.0,0,0,0,0,0,0,0,0,0,1,0,1,0,0,1,2.44,2,2,2,2,0,0,0,1,1,0,0,0,1,0,0
2,"November 24, 2018",VCU,HOFSTRA,13:09,12:06,63,8-8,10-8,2,CROWFIELD.MALIK,DOUGLAS.COREY,SIMMS.MIKE'L,VANN.ISSAC,WILLIAMS.VINCE,2.0,1,3,1,2,0,1,0,0,0,0,1,2,0,1,0,2.0,0,2,0,1,0,1,0,0,0,0,0,1,0,0,0
3,"November 24, 2018",VCU,HOFSTRA,12:06,09:52,134,10-8,10-8,0,BYRD.PJ,CROWFIELD.MALIK,DOUGLAS.COREY,SIMMS.MIKE'L,WILLIAMS.VINCE,3.0,0,2,0,0,0,2,0,0,0,2,1,1,1,0,0,3.0,0,1,0,1,0,0,0,0,0,2,0,1,1,0,1
4,"November 24, 2018",VCU,HOFSTRA,09:52,06:52,180,10-8,16-13,1,DOUGLAS.COREY,EVANS.MARCUS,JENKINS.DE'RIANTE,VANN.ISSAC,WILLIAMS.VINCE,5.0,3,5,3,3,0,2,0,0,2,0,0,2,1,1,1,4.88,1,3,0,1,1,2,2,2,1,1,0,2,0,0,1
5,"November 24, 2018",VCU,HOFSTRA,06:52,04:47,125,16-13,22-13,6,EVANS.MARCUS,GILMORE.MICHAEL,JENKINS.DE'RIANTE,MOBLEY.SEAN,VANN.ISSAC,4.0,3,3,3,3,0,0,0,0,2,1,0,1,2,0,1,3.0,0,2,0,1,0,1,0,0,0,2,1,0,0,0,0
6,"November 24, 2018",VCU,HOFSTRA,04:47,03:12,95,22-13,27-15,3,CROWFIELD.MALIK,EVANS.MARCUS,GILMORE.MICHAEL,JENKINS.DE'RIANTE,MOBLEY.SEAN,3.0,2,3,1,1,1,2,0,0,2,0,0,1,1,0,0,4.0,1,2,1,2,0,0,0,0,0,2,0,1,0,0,1
7,"November 24, 2018",VCU,HOFSTRA,03:12,02:37,35,27-15,30-15,3,CROWFIELD.MALIK,EVANS.MARCUS,JENKINS.DE'RIANTE,SANTOS-SILVA.MARCUS,SIMMS.MIKE'L,1.0,1,2,0,1,1,1,0,0,1,0,1,0,0,0,1,0.0,0,0,0,0,0,0,0,0,0,0,0,0,0,0,0
8,"November 24, 2018",VCU,HOFSTRA,02:37,00:00,157,30-15,36-23,-2,CROWFIELD.MALIK,JENKINS.DE'RIANTE,SANTOS-SILVA.MARCUS,SIMMS.MIKE'L,VANN.ISSAC,4.0,2,4,0,2,2,2,0,0,2,0,0,2,0,0,1,5.0,3,6,1,4,2,2,0,0,3,0,1,2,0,0,1
9,"November 24, 2018",VCU,HOFSTRA,20:00,20:00,0,36-23,36-23,0,,,,,,0.0,0,0,0,0,0,0,0,0,0,0,0,0,0,0,0,0.0,0,0,0,0,0,0,0,0,0,0,0,0,0,0,0
10,"November 24, 2018",VCU,HOFSTRA,20:00,18:24,96,36-23,36-27,-4,JENKINS.DE'RIANTE,MOBLEY.SEAN,SANTOS-SILVA.MARCUS,,,3.0,0,0,0,0,0,0,0,0,0,3,0,0,1,0,2,2.88,1,2,1,1,0,1,2,2,0,1,1,0,0,0,0
11,"November 24, 2018",VCU,HOFSTRA,18:24,17:05,79,36-27,37-29,-1,DOUGLAS.COREY,EVANS.MARCUS,JENKINS.DE'RIANTE,,,2.88,0,3,0,2,0,1,1,2,0,0,1,2,0,1,0,3.0,1,4,1,3,0,1,0,0,0,0,1,2,0,0,1
12,"November 24, 2018",VCU,HOFSTRA,17:05,14:50,135,37-29,39-31,0,CROWFIELD.MALIK,EVANS.MARCUS,VANN.ISSAC,WILLIAMS.VINCE,,3.0,1,3,1,2,0,1,0,0,0,0,0,1,2,0,1,4.0,1,3,1,3,0,0,0,0,0,2,1,3,0,0,0
13,"November 24, 2018",VCU,HOFSTRA,14:50,11:40,190,39-31,43-39,-4,CROWFIELD.MALIK,DOUGLAS.COREY,EVANS.MARCUS,SIMMS.MIKE'L,WILLIAMS.VINCE,6.0,2,5,2,2,0,3,0,0,2,2,1,1,1,0,2,5.44,3,4,2,2,1,2,1,1,1,1,0,2,1,0,0
14,"November 24, 2018",VCU,HOFSTRA,11:40,10:20,80,43-39,43-39,0,GILMORE.MICHAEL,MOBLEY.SEAN,RD.PJ,VANN.ISSAC,,2.0,0,1,0,0,0,1,0,0,0,1,0,2,0,0,1,2.0,0,3,0,2,0,1,0,0,0,0,1,1,1,0,0
15,"November 24, 2018",VCU,HOFSTRA,10:20,09:54,26,43-39,43-44,-5,GILMORE.MICHAEL,JENKINS.DE'RIANTE,,,,1.0,0,0,0,0,0,0,0,0,0,1,0,0,0,0,3,2.2,0,0,0,0,0,0,5,5,0,0,0,0,0,0,0
16,"November 24, 2018",VCU,HOFSTRA,09:54,08:37,77,43-44,46-47,0,DOUGLAS.COREY,JENKINS.DE'RIANTE,VANN.ISSAC,,,1.44,1,3,1,2,0,1,1,1,0,0,2,0,0,0,0,1.0,1,1,0,0,1,1,0,0,1,0,0,0,0,0,2
17,"November 24, 2018",VCU,HOFSTRA,08:37,06:44,113,46-47,51-54,-2,DOUGLAS.COREY,EVANS.MARCUS,JENKINS.DE'RIANTE,MOBLEY.SEAN,VANN.ISSAC,4.440000000000001,2,7,2,6,0,1,1,1,0,1,4,0,0,0,3,3.3200000000000003,2,2,2,2,0,0,3,3,0,0,0,1,0,1,2
18,"November 24, 2018",VCU,HOFSTRA,06:44,00:28,376,51-54,61-61,3,EVANS.MARCUS,JENKINS.DE'RIANTE,MOBLEY.SEAN,SANTOS-SILVA.MARCUS,VANN.ISSAC,10.0,5,10,5,6,0,4,0,0,1,0,0,2,3,0,1,9.879999999999999,2,5,1,3,1,2,2,2,0,5,1,5,0,1,1
19,"November 24, 2018",VCU,HOFSTRA,00:28,00:00,28,61-61,61-61,0,DOUGLAS.COREY,,,,,0.0,0,0,0,0,0,0,0,0,0,0,0,1,0,0,0,1.0,0,1,0,1,0,0,0,0,0,0,0,0,0,0,0
20,"November 24, 2018",VCU,HOFSTRA,05:00,05:00,0,61-61,61-61,0,DOUGLAS.COREY,EVANS.MARCUS,JENKINS.DE'RIANTE,MOBLEY.SEAN,VANN.ISSAC,0.0,0,0,0,0,0,0,0,0,0,0,0,0,0,0,0,0.0,0,0,0,0,0,0,0,0,0,0,0,0,0,0,0
21,"November 24, 2018",VCU,HOFSTRA,05:00,02:27,153,61-61,63-64,-1,EVANS.MARCUS,JENKINS.DE'RIANTE,MOBLEY.SEAN,SANTOS-SILVA.MARCUS,VANN.ISSAC,2.44,1,3,1,2,0,1,0,1,0,0,1,0,0,1,1,1.88,1,3,1,2,0,1,1,2,0,0,2,2,0,0,1
22,"November 24, 2018",VCU,HOFSTRA,02:27,00:28,119,63-64,69-67,3,EVANS.MARCUS,JENKINS.DE'RIANTE,SANTOS-SILVA.MARCUS,SIMMS.MIKE'L,VANN.ISSAC,3.0,3,4,3,4,0,0,0,0,1,0,1,1,0,0,1,2.88,1,3,1,3,0,0,1,2,0,0,1,0,0,1,0
23,"November 24, 2018",VCU,HOFSTRA,00:28,00:00,28,69-67,69-67,0,DOUGLAS.COREY,EVANS.MARCUS,JENKINS.DE'RIANTE,SIMMS.MIKE'L,VANN.ISSAC,0.44,0,0,0,0,0,0,0,1,0,0,0,0,1,0,0,2.0,0,1,0,0,0,1,0,0,0,1,0,1,0,0,1
0,"November 28, 2018",VCU,OLD DOMINION,20:00,15:18,282,0-0,12-4,8,DOUGLAS.COREY,EVANS.MARCUS,JENKINS.DE'RIANTE,SANTOS-SILVA.MARCUS,VANN.ISSAC,6.0,5,6,3,4,2,2,0,0,3,0,0,3,0,0,2,6.0,2,7,2,5,0,2,0,0,1,1,2,1,0,1,0
1,"November 28, 2018",VCU,OLD DOMINION,15:18,14:41,37,12-4,15-4,3,DOUGLAS.COREY,EVANS.MARCUS,JENKINS.DE'RIANTE,SIMMS.MIKE'L,WILLIAMS.VINCE,1.0,1,1,0,0,1,1,0,0,1,0,0,1,0,0,1,1.0,0,1,0,0,0,1,0,0,0,0,0,0,0,0,0
2,"November 28, 2018",VCU,OLD DOMINION,14:41,14:20,21,15-4,15-4,0,CROWFIELD.MALIK,DOUGLAS.COREY,EVANS.MARCUS,SIMMS.MIKE'L,WILLIAMS.VINCE,1.0,0,0,0,0,0,0,0,0,0,1,0,1,0,0,0,1.0,0,1,0,1,0,0,0,0,0,0,0,0,0,0,0
3,"November 28, 2018",VCU,OLD DOMINION,14:20,13:29,51,15-4,15-6,-2,CROWFIELD.MALIK,EVANS.MARCUS,GILMORE.MICHAEL,SIMMS.MIKE'L,WILLIAMS.VINCE,1.0,0,1,0,0,0,1,0,0,0,0,0,1,0,0,1,1.88,0,1,0,1,0,0,2,2,0,0,0,1,0,0,1
4,"November 28, 2018",VCU,OLD DOMINION,13:29,10:42,167,15-6,19-6,4,BYRD.PJ,CROWFIELD.MALIK,GILMORE.MICHAEL,SIMMS.MIKE'L,WILLIAMS.VINCE,3.88,1,2,1,1,0,1,2,2,0,2,1,2,0,0,0,4.0,0,4,0,2,0,2,0,0,0,2,2,0,0,0,3
5,"November 28, 2018",VCU,OLD DOMINION,10:42,09:22,80,19-6,19-8,-2,DOUGLAS.COREY,EVANS.MARCUS,JENKINS.DE'RIANTE,SANTOS-SILVA.MARCUS,VANN.ISSAC,3.0,0,3,0,3,0,0,0,0,0,0,0,1,0,0,1,2.0,1,3,1,2,0,1,0,0,0,0,1,3,0,0,0
6,"November 28, 2018",VCU,OLD DOMINION,09:22,07:15,127,19-8,21-12,-2,EVANS.MARCUS,JENKINS.DE'RIANTE,SANTOS-SILVA.MARCUS,SIMMS.MIKE'L,VANN.ISSAC,3.0,1,5,1,3,0,2,0,0,0,0,2,1,0,0,1,3.88,1,2,1,2,0,0,2,2,1,1,0,2,0,2,1
7,"November 28, 2018",VCU,OLD DOMINION,07:15,06:54,21,21-12,21-13,-1,CROWFIELD.MALIK,EVANS.MARCUS,JENKINS.DE'RIANTE,SANTOS-SILVA.MARCUS,WILLIAMS.VINCE,1.0,0,0,0,0,0,0,0,0,0,1,0,1,0,0,1,0.88,0,0,0,0,0,0,1,2,0,0,0,0,0,0,0
8,"November 28, 2018",VCU,OLD DOMINION,06:54,04:23,151,21-13,27-15,4,CROWFIELD.MALIK,JENKINS.DE'RIANTE,SANTOS-SILVA.MARCUS,VANN.ISSAC,WILLIAMS.VINCE,3.0,2,3,0,1,2,2,0,0,2,0,0,2,0,0,0,3.0,1,5,1,4,0,1,0,0,0,0,2,1,0,0,1
9,"November 28, 2018",VCU,OLD DOMINION,04:23,02:54,89,27-15,29-15,2,CROWFIELD.MALIK,GILMORE.MICHAEL,JENKINS.DE'RIANTE,VANN.ISSAC,WILLIAMS.VINCE,2.88,0,0,0,0,0,0,2,2,0,2,0,2,0,0,1,2.44,0,1,0,1,0,0,0,1,0,1,0,0,0,0,2
10,"November 28, 2018",VCU,OLD DOMINION,02:54,01:34,80,29-15,32-18,0,CROWFIELD.MALIK,CURRY.KESHAWN,GILMORE.MICHAEL,VANN.ISSAC,WILLIAMS.VINCE,3.0,1,3,0,2,1,1,0,0,1,1,1,2,0,0,1,2.44,1,2,0,1,1,1,0,1,1,0,0,1,0,0,0
11,"November 28, 2018",VCU,OLD DOMINION,01:34,00:10,84,32-18,32-20,-2,CROWFIELD.MALIK,CURRY.KESHAWN,JENKINS.DE'RIANTE,SANTOS-SILVA.MARCUS,WILLIAMS.VINCE,3.0,0,2,0,1,0,1,0,0,0,2,1,1,0,0,0,2.0,1,2,1,2,0,0,0,0,0,0,0,1,2,0,0
12,"November 28, 2018",VCU,OLD DOMINION,00:10,00:00,10,32-20,32-20,0,CROWFIELD.MALIK,JENKINS.DE'RIANTE,SANTOS-SILVA.MARCUS,VANN.ISSAC,WILLIAMS.VINCE,1.0,0,1,0,1,0,0,0,0,0,0,0,1,0,1,0,1.0,0,1,0,1,0,0,0,0,0,0,0,1,0,0,0
13,"November 28, 2018",VCU,OLD DOMINION,20:00,17:22,158,32-20,36-25,-1,DOUGLAS.COREY,EVANS.MARCUS,JENKINS.DE'RIANTE,SANTOS-SILVA.MARCUS,VANN.ISSAC,4.0,2,3,2,3,0,0,0,0,1,1,0,1,0,0,0,3.0,2,6,1,3,1,3,0,0,2,0,3,1,1,0,0
14,"November 28, 2018",VCU,OLD DOMINION,17:22,16:55,27,36-25,38-25,2,DOUGLAS.COREY,EVANS.MARCUS,GILMORE.MICHAEL,JENKINS.DE'RIANTE,VANN.ISSAC,0.88,0,0,0,0,0,0,2,2,0,0,0,1,0,1,0,1.0,0,1,0,1,0,0,0,0,0,0,0,0,0,0,1
15,"November 28, 2018",VCU,OLD DOMINION,16:55,16:08,47,38-25,38-28,-3,CROWFIELD.MALIK,DOUGLAS.COREY,EVANS.MARCUS,GILMORE.MICHAEL,VANN.ISSAC,1.0,0,1,0,0,0,1,0,0,0,0,0,0,0,0,1,1.88,1,1,1,1,0,0,1,2,0,0,0,1,0,0,0
16,"November 28, 2018",VCU,OLD DOMINION,16:08,15:14,54,38-28,39-30,-1,CROWFIELD.MALIK,EVANS.MARCUS,GILMORE.MICHAEL,SIMMS.MIKE'L,VANN.ISSAC,0.88,0,0,0,0,0,0,1,2,0,0,0,0,0,0,1,1.44,1,2,1,2,0,0,0,1,0,1,2,0,0,0,1
17,"November 28, 2018",VCU,OLD DOMINION,15:14,14:22,52,39-30,39-32,-2,CROWFIELD.MALIK,EVANS.MARCUS,SANTOS-SILVA.MARCUS,SIMMS.MIKE'L,VANN.ISSAC,2.0,0,1,0,1,0,0,0,0,0,1,0,0,0,0,0,1.0,1,1,1,1,0,0,0,0,0,0,0,1,0,1,0
18,"November 28, 2018",VCU,OLD DOMINION,14:22,10:42,220,39-32,41-37,-3,CROWFIELD.MALIK,EVANS.MARCUS,JENKINS.DE'RIANTE,SANTOS-SILVA.MARCUS,SIMMS.MIKE'L,5.0,1,4,1,3,0,1,0,0,0,1,0,2,1,0,4,6.32,2,5,2,4,0,1,1,3,0,2,2,3,0,0,0
19,"November 28, 2018",VCU,OLD DOMINION,10:42,10:00,42,41-37,42-39,-1,CROWFIELD.MALIK,EVANS.MARCUS,JENKINS.DE'RIANTE,SANTOS-SILVA.MARCUS,VANN.ISSAC,1.32,0,0,0,0,0,0,1,3,0,0,0,0,0,0,1,0.88,0,0,0,0,0,0,2,2,0,0,0,1,0,0,1
20,"November 28, 2018",VCU,OLD DOMINION,10:00,08:32,88,42-39,46-44,-1,EVANS.MARCUS,JENKINS.DE'RIANTE,VANN.ISSAC,WILLIAMS.VINCE,,2.0,2,2,2,2,0,0,0,0,0,0,0,0,0,0,0,2.0,2,2,1,1,1,1,0,0,1,0,0,0,0,0,0
21,"November 28, 2018",VCU,OLD DOMINION,08:32,07:31,61,46-44,46-47,-3,DOUGLAS.COREY,EVANS.MARCUS,JENKINS.DE'RIANTE,VANN.ISSAC,WILLIAMS.VINCE,1.0,0,1,0,1,0,0,0,0,0,0,0,0,0,0,0,1.0,1,1,0,0,1,1,0,0,0,0,0,1,0,0,0
22,"November 28, 2018",VCU,OLD DOMINION,07:31,06:38,53,46-47,47-49,-1,DOUGLAS.COREY,EVANS.MARCUS,SIMMS.MIKE'L,VANN.ISSAC,WILLIAMS.VINCE,1.88,0,0,0,0,0,0,1,2,0,1,0,1,0,0,1,1.88,0,1,0,1,0,0,2,2,0,0,0,1,1,0,1
23,"November 28, 2018",VCU,OLD DOMINION,06:38,05:24,74,47-49,49-52,-1,DOUGLAS.COREY,JENKINS.DE'RIANTE,SIMMS.MIKE'L,WILLIAMS.VINCE,,2.0,1,1,1,1,0,0,0,0,0,1,0,1,0,0,1,2.44,1,3,1,3,0,0,1,1,0,0,1,0,1,0,1
24,"November 28, 2018",VCU,OLD DOMINION,05:24,03:18,126,49-52,49-54,-2,DOUGLAS.COREY,EVANS.MARCUS,JENKINS.DE'RIANTE,SANTOS-SILVA.MARCUS,VANN.ISSAC,3.0,0,3,0,1,0,2,0,0,0,0,0,2,0,0,0,4.0,1,3,1,1,0,2,0,0,1,1,0,3,0,1,1
25,"November 28, 2018",VCU,OLD DOMINION,03:18,00:00,198,49-54,52-62,-5,EVANS.MARCUS,JENKINS.DE'RIANTE,SANTOS-SILVA.MARCUS,SIMMS.MIKE'L,VANN.ISSAC,6.76,0,6,0,1,0,5,3,4,0,0,1,2,0,0,2,5.76,2,4,2,2,0,2,4,4,1,0,0,5,0,1,2
0,"December 1, 2018",VCU,IONA,20:00,17:08,172,0-0,9-0,9,DOUGLAS.COREY,EVANS.MARCUS,JENKINS.DE'RIANTE,SANTOS-SILVA.MARCUS,VANN.ISSAC,6.0,4,6,3,3,1,3,0,0,2,1,1,3,1,2,1,5.0,0,5,0,4,0,1,0,0,0,2,2,1,0,0,1
1,"December 1, 2018",VCU,IONA,17:08,16:43,25,9-0,11-0,2,CROWFIELD.MALIK,DOUGLAS.COREY,EVANS.MARCUS,JENKINS.DE'RIANTE,SANTOS-SILVA.MARCUS,1.0,1,1,1,1,0,0,0,0,1,0,0,0,1,0,0,2.0,0,0,0,0,0,0,0,0,0,2,0,0,0,0,0
2,"December 1, 2018",VCU,IONA,16:43,15:26,77,11-0,12-3,-2,CROWFIELD.MALIK,DOUGLAS.COREY,EVANS.MARCUS,JENKINS.DE'RIANTE,WILLIAMS.VINCE,2.88,0,2,0,1,0,1,1,2,0,0,0,1,0,1,0,2.0,1,2,0,1,1,1,0,0,1,0,0,2,0,0,1
3,"December 1, 2018",VCU,IONA,15:26,14:11,75,12-3,12-3,0,CROWFIELD.MALIK,DOUGLAS.COREY,SIMMS.MIKE'L,VANN.ISSAC,WILLIAMS.VINCE,1.0,0,1,0,0,0,1,0,0,0,0,0,0,1,0,1,2.0,0,0,0,0,0,0,0,0,0,2,0,1,0,0,1
4,"December 1, 2018",VCU,IONA,14:11,12:51,80,12-3,12-3,0,CROWFIELD.MALIK,GILMORE.MICHAEL,SIMMS.MIKE'L,VANN.ISSAC,WILLIAMS.VINCE,2.0,0,1,0,0,0,1,0,0,0,1,0,1,1,0,1,2.0,0,1,0,0,0,1,0,0,0,1,0,1,0,0,0
5,"December 1, 2018",VCU,IONA,12:51,11:45,66,12-3,15-8,-2,CROWFIELD.MALIK,GILMORE.MICHAEL,JENKINS.DE'RIANTE,SIMMS.MIKE'L,WILLIAMS.VINCE,2.0,1,3,0,2,1,1,0,0,1,0,1,0,1,1,1,3.4399999999999995,2,3,2,3,0,0,1,1,0,1,1,1,0,1,0
6,"December 1, 2018",VCU,IONA,11:45,11:23,22,15-8,15-8,0,EVANS.MARCUS,JENKINS.DE'RIANTE,SANTOS-SILVA.MARCUS,SIMMS.MIKE'L,WILLIAMS.VINCE,1.0,0,0,0,0,0,0,0,0,0,1,0,0,0,0,0,0.0,0,0,0,0,0,0,0,0,0,0,0,0,0,0,0
7,"December 1, 2018",VCU,IONA,11:23,08:55,148,15-8,25-11,7,DOUGLAS.COREY,EVANS.MARCUS,JENKINS.DE'RIANTE,SANTOS-SILVA.MARCUS,SIMMS.MIKE'L,4.76,2,3,0,1,2,2,4,4,0,0,0,3,1,0,1,5.0,1,4,0,1,1,3,0,0,1,1,0,1,0,0,2
8,"December 1, 2018",VCU,IONA,08:55,07:37,78,25-11,30-11,5,CROWFIELD.MALIK,DOUGLAS.COREY,EVANS.MARCUS,JENKINS.DE'RIANTE,SANTOS-SILVA.MARCUS,2.0,2,3,1,2,1,1,0,0,1,0,1,1,0,0,0,2.0,0,1,0,0,0,1,0,0,0,1,0,0,0,0,1
9,"December 1, 2018",VCU,IONA,07:37,06:27,70,30-11,33-13,1,EVANS.MARCUS,GILMORE.MICHAEL,JENKINS.DE'RIANTE,SANTOS-SILVA.MARCUS,SIMMS.MIKE'L,1.0,1,2,0,0,1,2,0,0,1,0,1,0,0,0,0,2.0,1,1,1,1,0,0,0,0,0,1,0,0,0,0,0
10,"December 1, 2018",VCU,IONA,06:27,05:14,73,33-13,36-16,0,BYRD.PJ,GILMORE.MICHAEL,JENKINS.DE'RIANTE,SANTOS-SILVA.MARCUS,SIMMS.MIKE'L,3.44,1,3,0,0,1,3,0,1,0,0,0,1,1,0,1,3.0,1,2,0,0,1,2,0,0,1,1,0,3,0,0,1
11,"December 1, 2018",VCU,IONA,05:14,04:58,16,36-16,36-16,0,BYRD.PJ,JENKINS.DE'RIANTE,SANTOS-SILVA.MARCUS,SIMMS.MIKE'L,WILLIAMS.VINCE,0.0,0,0,0,0,0,0,0,0,0,0,0,0,0,0,0,1.0,0,0,0,0,0,0,0,0,0,1,0,0,0,0,1
12,"December 1, 2018",VCU,IONA,04:58,02:41,137,36-16,38-18,0,BYRD.PJ,DOUGLAS.COREY,JENKINS.DE'RIANTE,SIMMS.MIKE'L,WILLIAMS.VINCE,4.88,1,3,1,2,0,1,0,2,0,1,0,3,0,0,1,3.4400000000000004,1,4,1,1,0,3,0,1,0,0,1,3,1,0,1
13,"December 1, 2018",VCU,IONA,02:41,00:55,106,38-18,43-22,1,EVANS.MARCUS,SANTOS-SILVA.MARCUS,SIMMS.MIKE'L,VANN.ISSAC,WILLIAMS.VINCE,3.3200000000000003,1,2,0,1,1,1,2,3,1,0,0,1,1,0,0,4.0,2,4,2,4,0,0,0,0,1,1,1,2,0,1,2
14,"December 1, 2018",VCU,IONA,00:55,00:44,11,43-22,43-25,-3,CURRY.KESHAWN,DOUGLAS.COREY,EVANS.MARCUS,SIMMS.MIKE'L,WILLIAMS.VINCE,0.44,0,0,0,0,0,0,0,1,0,0,0,0,0,0,1,1.44,1,1,1,1,0,0,1,1,1,0,0,1,0,0,0
15,"December 1, 2018",VCU,IONA,00:44,00:00,44,43-25,46-27,1,DOUGLAS.COREY,EVANS.MARCUS,JENKINS.DE'RIANTE,SIMMS.MIKE'L,WILLIAMS.VINCE,2.0,1,2,0,0,1,2,0,0,0,0,0,0,0,0,1,0.88,0,0,0,0,0,0,2,2,0,0,0,1,0,0,0
16,"December 1, 2018",VCU,IONA,20:00,20:00,0,46-27,46-27,0,,,,,,0.0,0,0,0,0,0,0,0,0,0,0,0,0,0,0,0,0.0,0,0,0,0,0,0,0,0,0,0,0,0,0,0,0
17,"December 1, 2018",VCU,IONA,20:00,18:09,111,46-27,51-30,2,DOUGLAS.COREY,EVANS.MARCUS,SANTOS-SILVA.MARCUS,VANN.ISSAC,,2.88,1,2,0,1,1,1,2,2,1,0,0,1,1,1,1,3.88,1,5,1,3,0,2,1,2,0,1,3,1,0,0,2
18,"December 1, 2018",VCU,IONA,18:09,16:20,109,51-30,52-32,-1,EVANS.MARCUS,SANTOS-SILVA.MARCUS,VANN.ISSAC,WILLIAMS.VINCE,,3.76,0,3,0,1,0,2,1,4,0,1,2,2,0,0,0,4.0,1,3,1,2,0,1,0,0,1,1,0,3,0,0,3
19,"December 1, 2018",VCU,IONA,16:20,14:26,114,52-32,58-32,6,EVANS.MARCUS,SANTOS-SILVA.MARCUS,SIMMS.MIKE'L,VANN.ISSAC,WILLIAMS.VINCE,4.0,3,5,3,5,0,0,0,0,1,0,1,1,2,0,1,3.0,0,1,0,0,0,1,0,0,0,2,0,1,0,1,0
20,"December 1, 2018",VCU,IONA,14:26,13:04,82,58-32,60-39,-5,GILMORE.MICHAEL,RD.PJ,SIMMS.MIKE'L,WILLIAMS.VINCE,,3.0,1,4,1,2,0,2,0,0,1,0,1,0,0,0,2,3.44,3,3,3,3,0,0,1,1,0,0,0,2,0,0,0
21,"December 1, 2018",VCU,IONA,13:04,12:06,58,60-39,62-41,0,DOUGLAS.COREY,GILMORE.MICHAEL,VANN.ISSAC,,,1.0,1,2,1,2,0,0,0,0,1,0,1,0,1,0,2,1.88,0,1,0,0,0,1,2,2,0,1,1,0,0,0,1
22,"December 1, 2018",VCU,IONA,12:06,10:57,69,62-41,65-41,3,GILMORE.MICHAEL,RD.PJ,SANTOS-SILVA.MARCUS,SIMMS.MIKE'L,VANN.ISSAC,0.8799999999999999,1,3,1,2,0,1,1,2,1,0,3,0,0,0,0,0.0,0,0,0,0,0,0,0,0,0,0,0,0,0,0,1
23,"December 1, 2018",VCU,IONA,10:57,10:01,56,65-41,65-41,0,JENKINS.DE'RIANTE,SANTOS-SILVA.MARCUS,SIMMS.MIKE'L,,,1.88,0,1,0,0,0,1,0,2,0,0,0,1,0,1,0,2.0,0,1,0,1,0,0,0,0,0,1,0,1,0,0,2
24,"December 1, 2018",VCU,IONA,10:01,09:41,20,65-41,65-41,0,GILMORE.MICHAEL,SANTOS-SILVA.MARCUS,,,,1.0,0,0,0,0,0,0,0,0,0,1,0,1,0,0,1,1.0,0,1,0,1,0,0,0,0,0,0,0,1,0,0,0
25,"December 1, 2018",VCU,IONA,09:41,06:19,202,65-41,73-45,4,CURRY.KESHAWN,EVANS.MARCUS,GILMORE.MICHAEL,SANTOS-SILVA.MARCUS,,5.32,3,4,3,3,0,1,2,3,1,0,0,2,1,0,1,5.88,1,3,1,2,0,1,2,2,0,2,0,2,0,0,2
26,"December 1, 2018",VCU,IONA,06:19,05:03,76,73-45,78-46,4,CURRY.KESHAWN,DOUGLAS.COREY,EVANS.MARCUS,JENKINS.DE'RIANTE,WILLIAMS.VINCE,2.88,1,3,0,1,1,2,2,2,1,0,1,2,0,0,1,1.88,0,1,0,1,0,0,1,2,0,0,0,1,0,0,1
27,"December 1, 2018",VCU,IONA,05:03,02:04,179,78-46,86-56,-2,CURRY.KESHAWN,DOUGLAS.COREY,RD.PJ,VANN.ISSAC,WILLIAMS.VINCE,5.640000000000001,2,2,2,2,0,0,4,6,2,1,0,2,1,1,4,7.08,2,3,1,2,1,1,5,7,1,1,0,1,1,0,3
28,"December 1, 2018",VCU,IONA,02:04,00:00,124,86-56,88-59,-1,CURRY.KESHAWN,DOUGLAS.COREY,SHEEHY-GUISEPPI.D,WILLIAMS.VINCE,,2.88,0,5,0,4,0,1,2,2,0,1,4,1,0,0,1,1.88,1,1,1,1,0,0,1,2,0,0,0,1,1,0,1
0,"December 15, 2018",VCU,COL. OF CHARLESTON,20:00,17:10,170,0-0,6-2,4,DOUGLAS.COREY,EVANS.MARCUS,JENKINS.DE'RIANTE,SANTOS-SILVA.MARCUS,VANN.ISSAC,4.88,2,5,2,3,0,2,2,2,2,0,1,2,1,1,1,5.0,1,4,1,2,0,2,0,0,0,2,1,2,0,0,1
1,"December 15, 2018",VCU,COL. OF CHARLESTON,17:10,15:19,111,6-2,8-2,2,EVANS.MARCUS,JENKINS.DE'RIANTE,SANTOS-SILVA.MARCUS,VANN.ISSAC,WILLIAMS.VINCE,2.88,0,1,0,0,0,1,2,2,0,1,0,0,2,0,1,3.0,0,1,0,0,0,1,0,0,0,3,1,1,0,0,2
2,"December 15, 2018",VCU,COL. OF CHARLESTON,15:19,14:57,22,8-2,8-5,-3,CROWFIELD.MALIK,SANTOS-SILVA.MARCUS,SIMMS.MIKE'L,VANN.ISSAC,WILLIAMS.VINCE,0.0,0,0,0,0,0,0,0,0,0,0,0,0,0,0,1,1.44,1,1,1,1,0,0,1,1,0,0,0,0,0,0,0
3,"December 15, 2018",VCU,COL. OF CHARLESTON,14:57,13:29,88,8-5,11-7,1,CROWFIELD.MALIK,GILMORE.MICHAEL,SIMMS.MIKE'L,VANN.ISSAC,WILLIAMS.VINCE,3.0,1,2,0,1,1,1,0,0,1,1,0,1,0,0,0,2.0,1,3,1,2,0,1,0,0,1,0,1,1,1,0,0
4,"December 15, 2018",VCU,COL. OF CHARLESTON,13:29,10:36,173,11-7,17-13,0,BYRD.PJ,CROWFIELD.MALIK,GILMORE.MICHAEL,MOBLEY.SEAN,SIMMS.MIKE'L,5.0,2,4,0,0,2,4,0,0,2,1,0,2,0,0,1,4.88,2,4,2,4,0,0,2,2,0,0,0,2,1,0,0
5,"December 15, 2018",VCU,COL. OF CHARLESTON,10:36,10:02,34,17-13,17-15,-2,BYRD.PJ,CROWFIELD.MALIK,DOUGLAS.COREY,SANTOS-SILVA.MARCUS,SIMMS.MIKE'L,1.0,0,1,0,1,0,0,0,0,0,0,0,0,0,0,0,1.0,1,2,1,2,0,0,0,0,0,0,1,1,0,0,0
6,"December 15, 2018",VCU,COL. OF CHARLESTON,10:02,07:10,172,17-15,22-20,0,DOUGLAS.COREY,EVANS.MARCUS,JENKINS.DE'RIANTE,SANTOS-SILVA.MARCUS,VANN.ISSAC,5.0,2,5,1,4,1,1,0,0,1,2,2,0,2,1,1,5.0,2,3,1,2,1,1,0,0,1,3,1,1,1,0,0
7,"December 15, 2018",VCU,COL. OF CHARLESTON,07:10,05:13,117,22-20,24-20,2,EVANS.MARCUS,JENKINS.DE'RIANTE,MOBLEY.SEAN,SANTOS-SILVA.MARCUS,VANN.ISSAC,5.0,1,6,1,4,0,2,0,0,0,2,3,3,0,1,0,5.0,0,3,0,1,0,2,0,0,0,2,0,2,1,0,1
8,"December 15, 2018",VCU,COL. OF CHARLESTON,05:13,05:02,11,24-20,24-20,0,CROWFIELD.MALIK,JENKINS.DE'RIANTE,MOBLEY.SEAN,SANTOS-SILVA.MARCUS,VANN.ISSAC,0.0,0,0,0,0,0,0,0,0,0,0,0,0,0,0,1,0.0,0,0,0,0,0,0,0,0,0,0,0,0,0,0,0
9,"December 15, 2018",VCU,COL. OF CHARLESTON,05:02,03:20,102,24-20,26-24,-2,CROWFIELD.MALIK,JENKINS.DE'RIANTE,MOBLEY.SEAN,SANTOS-SILVA.MARCUS,SIMMS.MIKE'L,2.0,1,2,1,1,0,1,0,0,0,0,0,1,0,0,0,3.0,2,3,2,2,0,1,0,0,0,0,0,1,0,0,1
10,"December 15, 2018",VCU,COL. OF CHARLESTON,03:20,00:15,185,26-24,28-32,-6,EVANS.MARCUS,SANTOS-SILVA.MARCUS,SIMMS.MIKE'L,VANN.ISSAC,WILLIAMS.VINCE,5.0,1,5,1,3,0,2,0,0,1,1,1,1,0,0,3,4.2,2,2,1,1,1,1,3,5,2,0,0,3,1,0,1
11,"December 15, 2018",VCU,COL. OF CHARLESTON,00:15,00:00,15,28-32,28-32,0,CROWFIELD.MALIK,SANTOS-SILVA.MARCUS,SIMMS.MIKE'L,VANN.ISSAC,WILLIAMS.VINCE,1.0,0,1,0,0,0,1,0,0,0,0,0,1,0,0,0,0.0,0,0,0,0,0,0,0,0,0,0,0,0,0,0,0
12,"December 15, 2018",VCU,COL. OF CHARLESTON,20:00,20:00,0,28-32,28-32,0,,,,,,0.0,0,0,0,0,0,0,0,0,0,0,0,0,0,0,0,0.0,0,0,0,0,0,0,0,0,0,0,0,0,0,0,0
13,"December 15, 2018",VCU,COL. OF CHARLESTON,20:00,18:11,109,28-32,32-36,0,DOUGLAS.COREY,EVANS.MARCUS,JENKINS.DE'RIANTE,,,3.0,2,3,2,3,0,0,0,0,0,0,0,1,0,0,1,2.88,1,2,0,1,1,1,1,2,1,0,0,1,0,0,0
14,"December 15, 2018",VCU,COL. OF CHARLESTON,18:11,14:47,204,32-36,44-41,7,EVANS.MARCUS,JENKINS.DE'RIANTE,SANTOS-SILVA.MARCUS,WILLIAMS.VINCE,,6.88,5,6,4,4,1,2,1,2,2,1,1,2,1,1,1,5.0,2,4,1,2,1,2,0,0,1,1,0,1,0,0,2
15,"December 15, 2018",VCU,COL. OF CHARLESTON,14:47,13:28,79,44-41,44-42,-1,EVANS.MARCUS,SANTOS-SILVA.MARCUS,WILLIAMS.VINCE,,,2.0,0,1,0,1,0,0,0,0,0,1,0,0,0,0,1,2.88,0,1,0,1,0,0,1,2,0,1,0,1,1,0,0
16,"December 15, 2018",VCU,COL. OF CHARLESTON,13:28,12:45,43,44-42,46-44,0,SIMMS.MIKE'L,WILLIAMS.VINCE,,,,1.0,1,1,1,1,0,0,0,0,1,0,0,0,0,0,1,1.88,0,0,0,0,0,0,2,2,0,1,0,0,0,0,0
17,"December 15, 2018",VCU,COL. OF CHARLESTON,12:45,12:11,34,46-44,46-46,-2,CROWFIELD.MALIK,WILLIAMS.VINCE,,,,1.0,0,1,0,0,0,1,0,0,0,0,0,0,0,0,1,0.8799999999999999,0,1,0,1,0,0,2,2,0,0,1,1,0,0,0
18,"December 15, 2018",VCU,COL. OF CHARLESTON,12:11,11:25,46,46-46,46-50,-4,SIMMS.MIKE'L,VANN.ISSAC,,,,2.0,0,0,0,0,0,0,0,0,0,2,0,0,0,0,0,2.0,2,3,2,3,0,0,0,0,0,0,1,0,2,0,0
19,"December 15, 2018",VCU,COL. OF CHARLESTON,11:25,11:17,8,46-50,46-50,0,,,,,,0.0,0,0,0,0,0,0,0,0,0,0,0,0,0,0,0,0.0,0,0,0,0,0,0,0,0,0,0,0,0,0,0,1
20,"December 15, 2018",VCU,COL. OF CHARLESTON,11:17,10:10,67,46-50,46-55,-5,EVANS.MARCUS,JENKINS.DE'RIANTE,SANTOS-SILVA.MARCUS,VANN.ISSAC,,2.0,0,1,0,0,0,1,0,0,0,1,0,0,0,0,2,2.3200000000000003,1,2,1,1,0,1,3,3,0,0,1,1,1,0,1
21,"December 15, 2018",VCU,COL. OF CHARLESTON,10:10,08:41,89,46-55,51-59,1,EVANS.MARCUS,JENKINS.DE'RIANTE,SANTOS-SILVA.MARCUS,,,3.3200000000000003,1,3,1,2,0,1,3,3,0,1,2,0,0,0,0,2.0,2,2,2,2,0,0,0,0,2,0,0,0,1,0,3
22,"December 15, 2018",VCU,COL. OF CHARLESTON,08:41,06:11,150,51-59,61-63,6,EVANS.MARCUS,JENKINS.DE'RIANTE,SANTOS-SILVA.MARCUS,SIMMS.MIKE'L,WILLIAMS.VINCE,7.960000000000001,3,5,3,4,0,1,4,9,1,0,1,0,5,0,0,8.0,2,2,2,2,0,0,0,0,0,6,0,4,0,0,5
23,"December 15, 2018",VCU,COL. OF CHARLESTON,06:11,05:03,68,61-63,63-68,-3,JENKINS.DE'RIANTE,RD.PJ,SANTOS-SILVA.MARCUS,,,1.88,1,1,1,1,0,0,0,2,1,0,0,0,0,0,1,2.88,1,1,0,0,1,1,2,2,0,1,0,1,0,0,2
24,"December 15, 2018",VCU,COL. OF CHARLESTON,05:03,04:42,21,63-68,65-68,2,JENKINS.DE'RIANTE,,,,,1.0,1,1,1,1,0,0,0,0,0,0,0,0,0,0,0,0.0,0,0,0,0,0,0,0,0,0,0,0,0,0,0,0
25,"December 15, 2018",VCU,COL. OF CHARLESTON,04:42,02:35,127,65-68,68-75,-4,EVANS.MARCUS,JENKINS.DE'RIANTE,VANN.ISSAC,WILLIAMS.VINCE,,4.0,1,2,0,0,1,2,0,0,0,2,0,2,0,0,2,4.88,2,4,1,2,1,2,2,2,2,0,0,1,0,0,0
26,"December 15, 2018",VCU,COL. OF CHARLESTON,02:35,01:18,77,68-75,71-77,1,JENKINS.DE'RIANTE,SANTOS-SILVA.MARCUS,SIMMS.MIKE'L,WILLIAMS.VINCE,,2.3200000000000003,0,1,0,1,0,0,3,3,0,0,0,1,0,1,0,2.0,1,3,1,3,0,0,0,0,0,0,1,1,0,0,1
27,"December 15, 2018",VCU,COL. OF CHARLESTON,01:18,00:16,62,71-77,77-79,4,,,,,,7.08,1,5,1,1,0,4,4,7,1,0,1,2,1,0,3,5.640000000000001,0,0,0,0,0,0,2,6,0,3,0,4,0,0,3
28,"December 15, 2018",VCU,COL. OF CHARLESTON,00:16,00:00,16,77-79,79-83,-2,EVANS.MARCUS,VANN.ISSAC,,,,1.0,1,1,1,1,0,0,0,0,0,0,0,0,0,0,2,1.76,0,0,0,0,0,0,4,4,0,0,0,0,0,0,0
0,"December 22, 2018",VCU,WICHITA STATE,20:00,17:13,167,0-0,6-7,-1,DOUGLAS.COREY,EVANS.MARCUS,JENKINS.DE'RIANTE,SANTOS-SILVA.MARCUS,VANN.ISSAC,5.0,3,4,3,3,0,1,0,0,2,1,0,0,2,0,1,5.0,3,4,2,2,1,2,0,0,3,2,1,1,0,0,1
1,"December 22, 2018",VCU,WICHITA STATE,17:13,15:17,116,6-7,10-11,0,EVANS.MARCUS,JENKINS.DE'RIANTE,SANTOS-SILVA.MARCUS,VANN.ISSAC,WILLIAMS.VINCE,3.0,2,4,2,3,0,1,0,0,0,0,1,2,0,1,0,4.0,2,4,2,3,0,1,0,0,0,0,0,1,0,0,1
2,"December 22, 2018",VCU,WICHITA STATE,15:17,13:25,112,10-11,15-17,-1,BYRD.PJ,CROWFIELD.MALIK,JENKINS.DE'RIANTE,SANTOS-SILVA.MARCUS,WILLIAMS.VINCE,3.88,2,3,2,2,0,1,1,2,1,0,0,1,0,0,0,3.0,2,4,0,1,2,3,0,0,2,0,1,1,0,0,1
3,"December 22, 2018",VCU,WICHITA STATE,13:25,11:58,87,15-17,15-19,-2,BYRD.PJ,CROWFIELD.MALIK,GILMORE.MICHAEL,SIMMS.MIKE'L,WILLIAMS.VINCE,2.0,0,0,0,0,0,0,0,0,0,2,0,0,1,0,2,2.0,1,1,1,1,0,0,0,0,0,1,0,0,0,0,1
4,"December 22, 2018",VCU,WICHITA STATE,11:58,09:31,147,15-19,17-21,0,CROWFIELD.MALIK,EVANS.MARCUS,GILMORE.MICHAEL,MOBLEY.SEAN,SIMMS.MIKE'L,4.0,1,4,1,1,0,3,0,0,0,1,1,1,1,0,0,5.0,1,3,1,3,0,0,0,0,0,3,1,2,0,0,1
5,"December 22, 2018",VCU,WICHITA STATE,09:31,06:32,179,17-21,19-24,-1,CURRY.KESHAWN,EVANS.MARCUS,MOBLEY.SEAN,SANTOS-SILVA.MARCUS,VANN.ISSAC,3.0,1,3,1,2,0,1,0,0,1,0,0,1,0,0,1,3.0,1,2,0,0,1,2,0,0,0,1,0,2,0,0,1
6,"December 22, 2018",VCU,WICHITA STATE,06:32,04:58,94,19-24,25-24,6,EVANS.MARCUS,JENKINS.DE'RIANTE,MOBLEY.SEAN,SANTOS-SILVA.MARCUS,VANN.ISSAC,3.76,1,3,1,2,0,1,4,4,0,0,1,1,1,0,0,3.0,0,1,0,0,0,1,0,0,0,2,0,1,0,0,2
7,"December 22, 2018",VCU,WICHITA STATE,04:58,04:22,36,25-24,27-25,1,DOUGLAS.COREY,EVANS.MARCUS,JENKINS.DE'RIANTE,SANTOS-SILVA.MARCUS,VANN.ISSAC,0.8799999999999999,0,1,0,0,0,1,2,2,0,0,1,1,0,0,1,0.8799999999999999,0,1,0,0,0,1,1,2,0,0,1,0,0,0,1
8,"December 22, 2018",VCU,WICHITA STATE,04:22,02:31,111,27-25,33-30,1,DOUGLAS.COREY,EVANS.MARCUS,JENKINS.DE'RIANTE,SIMMS.MIKE'L,VANN.ISSAC,3.88,2,4,0,0,2,4,0,2,2,0,1,1,1,0,0,4.0,2,3,1,2,1,1,0,0,2,1,0,2,0,0,1
9,"December 22, 2018",VCU,WICHITA STATE,02:31,01:06,85,33-30,35-32,0,EVANS.MARCUS,JENKINS.DE'RIANTE,SANTOS-SILVA.MARCUS,SIMMS.MIKE'L,VANN.ISSAC,2.0,1,2,1,2,0,0,0,0,1,0,0,2,0,1,1,3.4400000000000004,1,5,1,3,0,2,0,1,1,0,2,1,0,0,0
10,"December 22, 2018",VCU,WICHITA STATE,01:06,00:00,66,35-32,37-34,0,DOUGLAS.COREY,EVANS.MARCUS,JENKINS.DE'RIANTE,SIMMS.MIKE'L,VANN.ISSAC,2.0,1,3,1,3,0,0,0,0,0,0,1,0,1,0,0,1.0,1,1,1,1,0,0,0,0,0,1,1,1,0,0,0
11,"December 22, 2018",VCU,WICHITA STATE,20:00,20:00,0,37-34,37-34,0,,,,,,0.0,0,0,0,0,0,0,0,0,0,0,0,0,0,0,0,0.0,0,0,0,0,0,0,0,0,0,0,0,0,0,0,0
12,"December 22, 2018",VCU,WICHITA STATE,20:00,19:14,46,37-34,39-34,2,DOUGLAS.COREY,JENKINS.DE'RIANTE,SANTOS-SILVA.MARCUS,,,1.0,1,2,1,1,0,1,0,0,0,0,1,0,0,0,2,0.0,0,1,0,0,0,1,0,0,0,0,1,0,0,0,0
13,"December 22, 2018",VCU,WICHITA STATE,19:14,15:54,200,39-34,49-34,10,DOUGLAS.COREY,EVANS.MARCUS,JENKINS.DE'RIANTE,MOBLEY.SEAN,,4.0,4,4,2,2,2,2,0,0,3,0,0,4,0,0,3,4.0,0,6,0,3,0,3,0,0,0,0,2,0,0,0,2
14,"December 22, 2018",VCU,WICHITA STATE,15:54,14:54,60,49-34,51-34,2,DOUGLAS.COREY,JENKINS.DE'RIANTE,MOBLEY.SEAN,RD.PJ,VANN.ISSAC,2.0,1,2,1,1,0,1,0,0,1,0,0,1,1,0,1,2.0,0,1,0,1,0,0,0,0,0,1,0,1,0,0,0
15,"December 22, 2018",VCU,WICHITA STATE,14:54,14:29,25,51-34,51-34,0,GILMORE.MICHAEL,MOBLEY.SEAN,,,,0.0,0,0,0,0,0,0,0,0,0,0,0,1,0,0,1,0.43999999999999995,0,1,0,1,0,0,0,1,0,0,1,0,0,0,1
16,"December 22, 2018",VCU,WICHITA STATE,14:29,12:04,145,51-34,53-36,0,GILMORE.MICHAEL,MOBLEY.SEAN,RD.PJ,SIMMS.MIKE'L,VANN.ISSAC,4.0,1,3,1,1,0,2,0,0,1,2,1,2,0,0,0,4.0,1,3,1,2,0,1,0,0,0,1,0,1,1,0,2
17,"December 22, 2018",VCU,WICHITA STATE,12:04,09:55,129,53-36,55-41,-3,CROWFIELD.MALIK,GILMORE.MICHAEL,SIMMS.MIKE'L,WILLIAMS.VINCE,,3.0,1,3,1,1,0,2,0,0,0,0,0,0,0,0,2,3.76,1,2,1,1,0,1,3,4,0,1,1,2,0,0,1
18,"December 22, 2018",VCU,WICHITA STATE,09:55,08:45,70,55-41,55-41,0,EVANS.MARCUS,GILMORE.MICHAEL,,,,2.0,0,1,0,0,0,1,0,0,0,1,0,1,0,0,0,1.0,0,1,0,0,0,1,0,0,0,0,0,1,1,0,0
19,"December 22, 2018",VCU,WICHITA STATE,08:45,07:51,54,55-41,57-41,2,EVANS.MARCUS,SIMMS.MIKE'L,VANN.ISSAC,,,2.0,1,2,1,1,0,1,0,0,0,0,0,1,1,0,0,2.0,0,1,0,1,0,0,0,0,0,1,0,1,0,0,0
20,"December 22, 2018",VCU,WICHITA STATE,07:51,05:55,116,57-41,62-45,1,EVANS.MARCUS,JENKINS.DE'RIANTE,SANTOS-SILVA.MARCUS,VANN.ISSAC,WILLIAMS.VINCE,3.0,2,3,1,2,1,1,0,0,2,0,0,0,1,0,1,3.88,1,1,1,1,0,0,2,2,0,2,0,1,0,0,1
21,"December 22, 2018",VCU,WICHITA STATE,05:55,03:26,149,62-45,64-47,0,JENKINS.DE'RIANTE,MOBLEY.SEAN,SANTOS-SILVA.MARCUS,,,3.0,1,2,1,1,0,1,0,0,0,1,0,2,0,0,0,3.0,1,3,1,3,0,0,0,0,1,0,0,1,0,0,0
22,"December 22, 2018",VCU,WICHITA STATE,03:26,00:37,169,64-47,70-52,1,EVANS.MARCUS,JENKINS.DE'RIANTE,MOBLEY.SEAN,SANTOS-SILVA.MARCUS,VANN.ISSAC,4.88,2,3,2,3,0,0,2,2,2,1,0,2,0,0,0,4.0,2,6,1,1,1,5,0,0,1,0,2,1,1,1,1
23,"December 22, 2018",VCU,WICHITA STATE,00:37,00:00,37,70-52,70-54,-2,SANTOS-SILVA.MARCUS,,,,,0.0,0,0,0,0,0,0,0,0,0,0,0,0,0,1,0,1.0,1,4,1,3,0,1,0,0,0,0,3,0,0,0,0
0,"December 30, 2018",VCU,RIDER,20:00,16:45,195,0-0,11-6,5,DOUGLAS.COREY,EVANS.MARCUS,JENKINS.DE'RIANTE,SANTOS-SILVA.MARCUS,VANN.ISSAC,8.88,5,10,5,9,0,1,1,2,3,1,3,1,2,0,1,7.0,3,4,3,3,0,1,0,0,1,3,0,2,1,0,2
1,"December 30, 2018",VCU,RIDER,16:45,14:25,140,11-6,21-9,7,EVANS.MARCUS,JENKINS.DE'RIANTE,SANTOS-SILVA.MARCUS,VANN.ISSAC,WILLIAMS.VINCE,4.0,4,4,2,2,2,2,0,0,3,0,0,2,1,0,0,4.0,1,4,0,2,1,2,0,0,1,1,1,1,0,0,0
2,"December 30, 2018",VCU,RIDER,14:25,13:30,55,21-9,23-9,2,BYRD.PJ,SANTOS-SILVA.MARCUS,SIMMS.MIKE'L,VANN.ISSAC,WILLIAMS.VINCE,2.0,1,2,1,1,0,1,0,0,1,0,0,1,1,0,1,2.0,0,1,0,0,0,1,0,0,0,1,0,1,0,0,1
3,"December 30, 2018",VCU,RIDER,13:30,11:58,92,23-9,25-14,-3,BYRD.PJ,CROWFIELD.MALIK,GILMORE.MICHAEL,SIMMS.MIKE'L,WILLIAMS.VINCE,2.0,1,1,1,1,0,0,0,0,1,1,0,0,0,0,2,2.0,2,3,1,2,1,1,0,0,2,0,1,0,1,0,0
4,"December 30, 2018",VCU,RIDER,11:58,11:09,49,25-14,25-17,-3,CROWFIELD.MALIK,EVANS.MARCUS,GILMORE.MICHAEL,MOBLEY.SEAN,SIMMS.MIKE'L,1.0,0,0,0,0,0,0,0,0,0,1,0,0,1,0,1,2.44,1,1,1,1,0,0,1,1,0,1,0,0,0,0,0
5,"December 30, 2018",VCU,RIDER,11:09,08:26,163,25-17,35-19,8,EVANS.MARCUS,JENKINS.DE'RIANTE,MOBLEY.SEAN,SANTOS-SILVA.MARCUS,SIMMS.MIKE'L,5.0,4,4,2,2,2,2,0,0,4,1,0,2,1,0,1,5.0,1,5,1,3,0,2,0,0,1,2,2,0,1,0,1
6,"December 30, 2018",VCU,RIDER,08:26,07:21,65,35-19,35-22,-3,DOUGLAS.COREY,EVANS.MARCUS,JENKINS.DE'RIANTE,MOBLEY.SEAN,VANN.ISSAC,2.0,0,1,0,0,0,1,0,0,0,1,0,0,0,0,2,1.7599999999999998,0,1,0,0,0,1,3,4,0,0,1,1,1,0,1
7,"December 30, 2018",VCU,RIDER,07:21,06:37,44,35-22,39-22,4,DOUGLAS.COREY,EVANS.MARCUS,JENKINS.DE'RIANTE,VANN.ISSAC,WILLIAMS.VINCE,2.0,2,3,2,3,0,0,0,0,1,0,1,1,1,0,0,1.0,0,0,0,0,0,0,0,0,0,1,0,0,0,0,0
8,"December 30, 2018",VCU,RIDER,06:37,05:30,67,39-22,39-22,0,CROWFIELD.MALIK,DOUGLAS.COREY,EVANS.MARCUS,JENKINS.DE'RIANTE,WILLIAMS.VINCE,2.0,0,2,0,0,0,2,0,0,0,1,1,1,1,1,1,2.0,0,1,0,1,0,0,0,0,0,1,0,1,0,0,0
9,"December 30, 2018",VCU,RIDER,05:30,03:59,91,39-22,44-24,3,CROWFIELD.MALIK,CURRY.KESHAWN,DOUGLAS.COREY,JENKINS.DE'RIANTE,SIMMS.MIKE'L,2.0,2,2,1,1,1,1,0,0,1,0,0,1,0,0,0,3.0,1,2,1,1,0,1,0,0,1,1,0,0,0,0,1
10,"December 30, 2018",VCU,RIDER,03:59,02:49,70,44-24,47-25,2,CROWFIELD.MALIK,CURRY.KESHAWN,JENKINS.DE'RIANTE,SANTOS-SILVA.MARCUS,SIMMS.MIKE'L,2.0,1,1,0,0,1,1,0,0,1,1,0,1,0,0,1,1.88,0,1,0,1,0,0,1,2,0,0,0,0,1,0,0
11,"December 30, 2018",VCU,RIDER,02:49,01:59,50,47-25,49-27,0,CROWFIELD.MALIK,EVANS.MARCUS,JENKINS.DE'RIANTE,SANTOS-SILVA.MARCUS,SIMMS.MIKE'L,2.88,0,0,0,0,0,0,2,2,0,2,0,1,0,0,0,2.0,1,2,1,2,0,0,0,0,1,0,0,0,2,0,1
12,"December 30, 2018",VCU,RIDER,01:59,01:22,37,49-27,49-28,-1,EVANS.MARCUS,JENKINS.DE'RIANTE,SANTOS-SILVA.MARCUS,SIMMS.MIKE'L,VANN.ISSAC,1.0,0,0,0,0,0,0,0,0,0,1,0,0,0,0,1,1.88,0,0,0,0,0,0,1,2,0,1,0,0,1,0,1
13,"December 30, 2018",VCU,RIDER,01:22,00:00,82,49-28,49-33,-5,DOUGLAS.COREY,EVANS.MARCUS,JENKINS.DE'RIANTE,SIMMS.MIKE'L,VANN.ISSAC,1.0,0,1,0,0,0,1,0,0,0,0,0,0,0,0,0,2.0,2,3,1,1,1,2,0,0,2,0,1,2,0,0,0
14,"December 30, 2018",VCU,RIDER,20:00,20:00,0,49-33,49-33,0,,,,,,0.0,0,0,0,0,0,0,0,0,0,0,0,0,0,0,0,0.0,0,0,0,0,0,0,0,0,0,0,0,0,0,0,0
15,"December 30, 2018",VCU,RIDER,20:00,17:57,123,49-33,55-37,2,EVANS.MARCUS,JENKINS.DE'RIANTE,SANTOS-SILVA.MARCUS,VANN.ISSAC,,3.0,2,3,0,0,2,3,0,0,1,0,0,1,0,0,0,3.0,2,3,2,3,0,0,0,0,2,0,0,1,0,0,0
16,"December 30, 2018",VCU,RIDER,17:57,15:44,133,55-37,57-42,-3,DOUGLAS.COREY,EVANS.MARCUS,JENKINS.DE'RIANTE,VANN.ISSAC,WILLIAMS.VINCE,3.4400000000000004,1,5,1,4,0,1,0,1,0,0,2,1,0,0,1,4.0,2,3,1,1,1,2,0,0,2,1,0,3,0,0,2
17,"December 30, 2018",VCU,RIDER,15:44,12:59,165,57-42,62-46,1,EVANS.MARCUS,JENKINS.DE'RIANTE,SANTOS-SILVA.MARCUS,VANN.ISSAC,WILLIAMS.VINCE,4.0,2,5,1,3,1,2,0,0,2,0,1,1,0,0,1,3.0,2,5,2,5,0,0,0,0,0,0,2,2,0,0,0
18,"December 30, 2018",VCU,RIDER,12:59,12:42,17,62-46,62-48,-2,SANTOS-SILVA.MARCUS,,,,,0.0,0,0,0,0,0,0,0,0,0,0,0,0,0,0,1,1.44,1,1,1,1,0,0,0,1,0,0,0,0,0,0,0
19,"December 30, 2018",VCU,RIDER,12:42,09:08,214,62-48,76-57,5,CROWFIELD.MALIK,DOUGLAS.COREY,JENKINS.DE'RIANTE,MOBLEY.SEAN,SIMMS.MIKE'L,6.88,4,6,0,1,4,5,2,2,4,0,0,2,0,0,0,6.0,4,6,3,4,1,2,0,0,2,1,1,2,0,1,1
20,"December 30, 2018",VCU,RIDER,09:08,07:11,117,76-57,78-59,0,CROWFIELD.MALIK,EVANS.MARCUS,MOBLEY.SEAN,SIMMS.MIKE'L,,2.88,0,1,0,0,0,1,2,2,0,1,0,3,0,0,0,4.0,1,5,1,4,0,1,0,0,0,0,1,1,1,0,2
21,"December 30, 2018",VCU,RIDER,07:11,06:23,48,78-59,81-63,-1,EVANS.MARCUS,SANTOS-SILVA.MARCUS,SIMMS.MIKE'L,VANN.ISSAC,,2.0,1,2,0,1,1,1,0,0,1,0,0,0,0,0,1,1.88,1,1,0,0,1,1,1,2,1,0,0,1,0,0,0
22,"December 30, 2018",VCU,RIDER,06:23,05:42,41,81-63,81-63,0,SIMMS.MIKE'L,,,,,1.0,0,1,0,0,0,1,0,0,0,0,0,0,0,0,1,-0.1200000000000001,0,1,0,1,0,0,0,2,0,0,2,1,0,0,0
23,"December 30, 2018",VCU,RIDER,05:42,04:30,72,81-63,83-68,-3,CURRY.KESHAWN,GILMORE.MICHAEL,MOBLEY.SEAN,,,3.0,1,3,1,2,0,1,0,0,0,0,0,2,0,0,1,3.88,1,3,0,1,1,2,2,2,0,0,0,2,0,0,1
24,"December 30, 2018",VCU,RIDER,04:30,02:33,117,83-68,86-70,1,CURRY.KESHAWN,EVANS.MARCUS,GILMORE.MICHAEL,VANN.ISSAC,WILLIAMS.VINCE,4.32,1,3,1,1,0,2,1,3,1,1,1,3,0,0,1,3.44,1,3,1,2,0,1,0,1,1,0,0,2,1,0,2
25,"December 30, 2018",VCU,RIDER,02:33,01:59,34,86-70,88-70,2,EVANS.MARCUS,VANN.ISSAC,,,,1.0,1,1,1,1,0,0,0,0,0,0,0,1,0,0,0,1.0,0,1,0,0,0,1,0,0,0,0,0,1,0,0,0
26,"December 30, 2018",VCU,RIDER,01:59,01:29,30,88-70,90-73,-1,GILMORE.MICHAEL,,,,,0.88,0,0,0,0,0,0,2,2,0,0,0,0,0,0,0,1.0,1,1,0,0,1,1,0,0,1,0,0,0,0,0,1
27,"December 30, 2018",VCU,RIDER,01:29,00:00,89,90-73,90-79,-6,,,,,,1.0,0,0,0,0,0,0,0,0,0,1,0,0,0,0,0,2.0,2,2,0,0,2,2,0,0,2,0,0,0,0,0,0
0,"January 5, 2019",VCU,FORDHAM,20:00,15:30,270,0-0,7-0,7,EVANS.MARCUS,JENKINS.DE'RIANTE,MOBLEY.SEAN,SANTOS-SILVA.MARCUS,VANN.ISSAC,7.44,3,6,3,4,0,2,1,1,1,1,0,4,0,0,1,7.0,0,7,0,5,0,2,0,0,0,3,3,3,1,0,2
1,"January 5, 2019",VCU,FORDHAM,15:30,13:44,106,7-0,12-5,0,EVANS.MARCUS,JENKINS.DE'RIANTE,SANTOS-SILVA.MARCUS,VANN.ISSAC,WILLIAMS.VINCE,2.0,2,2,1,1,1,1,0,0,2,0,0,0,0,0,0,3.0,2,2,1,1,1,1,0,0,2,1,0,0,0,0,0
2,"January 5, 2019",VCU,FORDHAM,13:44,13:14,30,12-5,17-5,5,DOUGLAS.COREY,EVANS.MARCUS,SIMMS.MIKE'L,VANN.ISSAC,WILLIAMS.VINCE,2.0,2,2,1,1,1,1,0,0,1,0,0,0,1,0,0,1.0,0,0,0,0,0,0,0,0,0,1,0,0,0,0,0
3,"January 5, 2019",VCU,FORDHAM,13:14,12:20,54,17-5,17-7,-2,BYRD.PJ,DOUGLAS.COREY,SIMMS.MIKE'L,VANN.ISSAC,WILLIAMS.VINCE,1.0,0,0,0,0,0,0,0,0,0,1,0,0,0,0,1,1.0,1,1,1,1,0,0,0,0,0,0,0,0,0,0,0
4,"January 5, 2019",VCU,FORDHAM,12:20,10:29,111,17-7,17-8,-1,BYRD.PJ,CROWFIELD.MALIK,DOUGLAS.COREY,SIMMS.MIKE'L,WILLIAMS.VINCE,2.0,0,1,0,1,0,0,0,0,0,1,0,0,1,1,3,2.88,0,3,0,1,0,2,1,2,0,2,3,1,0,0,1
5,"January 5, 2019",VCU,FORDHAM,10:29,09:33,56,17-8,21-9,3,CROWFIELD.MALIK,EVANS.MARCUS,SANTOS-SILVA.MARCUS,SIMMS.MIKE'L,WILLIAMS.VINCE,2.0,2,2,2,2,0,0,0,0,2,0,0,2,0,0,1,1.88,0,1,0,1,0,0,1,2,0,0,0,0,0,0,0
6,"January 5, 2019",VCU,FORDHAM,09:33,08:17,76,21-9,23-9,2,EVANS.MARCUS,JENKINS.DE'RIANTE,MOBLEY.SEAN,SANTOS-SILVA.MARCUS,WILLIAMS.VINCE,2.0,1,1,1,1,0,0,0,0,0,1,0,1,0,0,0,2.0,0,1,0,1,0,0,0,0,0,1,0,0,0,0,1
7,"January 5, 2019",VCU,FORDHAM,08:17,07:24,53,23-9,23-11,-2,CROWFIELD.MALIK,EVANS.MARCUS,JENKINS.DE'RIANTE,MOBLEY.SEAN,SANTOS-SILVA.MARCUS,2.0,0,1,0,0,0,1,0,0,0,1,0,1,0,0,0,2.0,1,2,1,1,0,1,0,0,0,0,0,1,1,0,0
8,"January 5, 2019",VCU,FORDHAM,07:24,05:44,100,23-11,31-13,6,EVANS.MARCUS,GILMORE.MICHAEL,JENKINS.DE'RIANTE,MOBLEY.SEAN,VANN.ISSAC,3.88,2,2,0,0,2,2,2,2,2,1,0,1,1,0,1,3.44,1,2,1,2,0,0,0,1,1,1,0,0,0,0,1
9,"January 5, 2019",VCU,FORDHAM,05:44,01:52,232,31-13,35-15,2,BYRD.PJ,GILMORE.MICHAEL,JENKINS.DE'RIANTE,MOBLEY.SEAN,VANN.ISSAC,5.88,1,2,1,1,0,1,2,2,1,3,0,4,2,0,2,5.88,0,3,0,2,0,1,2,2,0,2,0,1,1,0,1
10,"January 5, 2019",VCU,FORDHAM,01:52,00:36,76,35-15,35-16,-1,BYRD.PJ,JENKINS.DE'RIANTE,SANTOS-SILVA.MARCUS,VANN.ISSAC,WILLIAMS.VINCE,2.0,0,1,0,1,0,0,0,0,0,1,0,0,0,0,2,1.88,0,0,0,0,0,0,1,2,0,1,0,1,0,0,0
11,"January 5, 2019",VCU,FORDHAM,00:36,00:00,36,35-16,35-16,0,BYRD.PJ,CROWFIELD.MALIK,SANTOS-SILVA.MARCUS,VANN.ISSAC,WILLIAMS.VINCE,1.0,0,1,0,1,0,0,0,0,0,0,0,0,0,0,0,0.0,0,1,0,1,0,0,0,0,0,0,1,1,0,0,0
12,"January 5, 2019",VCU,FORDHAM,20:00,20:00,0,35-16,35-16,0,,,,,,0.0,0,0,0,0,0,0,0,0,0,0,0,0,0,0,0,0.0,0,0,0,0,0,0,0,0,0,0,0,0,0,0,0
13,"January 5, 2019",VCU,FORDHAM,20:00,16:53,187,35-16,46-18,9,EVANS.MARCUS,JENKINS.DE'RIANTE,MOBLEY.SEAN,SANTOS-SILVA.MARCUS,VANN.ISSAC,5.88,4,5,3,3,1,2,2,2,2,1,1,2,2,0,1,6.0,1,4,1,2,0,2,0,0,0,3,1,0,0,0,1
14,"January 5, 2019",VCU,FORDHAM,16:53,15:12,101,46-18,50-20,2,JENKINS.DE'RIANTE,MOBLEY.SEAN,SANTOS-SILVA.MARCUS,,,3.4399999999999995,2,3,2,3,0,0,0,1,0,1,1,1,0,0,0,2.0,1,3,1,1,0,2,0,0,0,0,1,1,0,0,1
15,"January 5, 2019",VCU,FORDHAM,15:12,12:04,188,50-20,54-25,-1,DOUGLAS.COREY,RD.PJ,SIMMS.MIKE'L,WILLIAMS.VINCE,,4.0,2,3,2,2,0,1,0,0,1,1,0,1,0,0,2,4.0,2,4,1,2,1,2,0,0,2,1,1,1,1,0,0
16,"January 5, 2019",VCU,FORDHAM,12:04,11:21,43,54-25,54-25,0,DOUGLAS.COREY,SIMMS.MIKE'L,,,,2.0,0,1,0,0,0,1,0,0,0,1,0,2,0,0,0,2.0,0,2,0,2,0,0,0,0,0,0,0,1,0,0,0
17,"January 5, 2019",VCU,FORDHAM,11:21,07:48,213,54-25,60-33,-2,CROWFIELD.MALIK,CURRY.KESHAWN,EVANS.MARCUS,GILMORE.MICHAEL,,4.0,3,4,3,3,0,1,0,0,2,0,0,0,0,0,2,4.88,3,4,2,2,1,2,1,2,3,1,1,1,0,0,2
18,"January 5, 2019",VCU,FORDHAM,07:48,05:27,141,60-33,69-36,6,CURRY.KESHAWN,EVANS.MARCUS,GILMORE.MICHAEL,MOBLEY.SEAN,VANN.ISSAC,4.88,3,4,2,3,1,1,2,2,2,0,0,2,1,0,3,3.76,0,2,0,1,0,1,3,4,0,1,1,1,0,1,1
19,"January 5, 2019",VCU,FORDHAM,05:27,02:38,169,69-36,73-43,-3,CURRY.KESHAWN,RD.PJ,SIMMS.MIKE'L,WILLIAMS.VINCE,,5.0,2,2,2,2,0,0,0,0,0,3,0,2,0,0,0,5.0,3,6,2,4,1,2,0,0,2,0,1,0,2,0,0
20,"January 5, 2019",VCU,FORDHAM,02:38,02:16,22,73-43,73-46,-3,,,,,,0.0,0,0,0,0,0,0,0,0,0,0,0,0,0,0,0,1.0,1,1,0,0,1,1,0,0,0,0,0,0,0,0,0
21,"January 5, 2019",VCU,FORDHAM,02:16,00:00,136,73-46,76-51,-2,DOUGLAS.COREY,JACKSON.XAVIER,RD.PJ,SHEEHY-GUISEPPI.D,WILLIAMS.VINCE,4.0,1,2,0,0,1,2,0,0,1,2,0,2,0,0,1,3.88,1,3,0,1,1,2,2,2,1,0,0,1,0,0,0
0,"January 9, 2019",VCU,LA SALLE,20:00,15:11,289,0-0,6-10,-4,EVANS.MARCUS,JENKINS.DE'RIANTE,MOBLEY.SEAN,SANTOS-SILVA.MARCUS,VANN.ISSAC,9.0,2,5,0,2,2,3,0,0,1,4,0,3,0,2,0,9.0,5,9,5,7,0,2,0,0,0,2,2,3,2,0,3
1,"January 9, 2019",VCU,LA SALLE,15:11,14:30,41,6-10,6-10,0,EVANS.MARCUS,JENKINS.DE'RIANTE,SANTOS-SILVA.MARCUS,VANN.ISSAC,WILLIAMS.VINCE,1.0,0,1,0,1,0,0,0,0,0,0,0,0,0,0,0,0.0,0,0,0,0,0,0,0,0,0,0,0,1,0,1,1
2,"January 9, 2019",VCU,LA SALLE,14:30,13:59,31,6-10,6-13,-3,CROWFIELD.MALIK,JENKINS.DE'RIANTE,SANTOS-SILVA.MARCUS,VANN.ISSAC,WILLIAMS.VINCE,1.0,0,1,0,0,0,1,0,0,0,0,0,0,0,0,0,2.0,1,1,0,0,1,1,0,0,1,1,0,1,0,0,0
3,"January 9, 2019",VCU,LA SALLE,13:59,13:33,26,6-13,8-13,2,CROWFIELD.MALIK,SANTOS-SILVA.MARCUS,SIMMS.MIKE'L,VANN.ISSAC,WILLIAMS.VINCE,0.88,0,0,0,0,0,0,2,2,0,0,0,0,0,0,0,0.0,0,0,0,0,0,0,0,0,0,0,0,0,0,0,1
4,"January 9, 2019",VCU,LA SALLE,13:33,12:44,49,8-13,8-16,-3,CROWFIELD.MALIK,DOUGLAS.COREY,SIMMS.MIKE'L,VANN.ISSAC,WILLIAMS.VINCE,1.0,0,1,0,0,0,1,0,0,0,0,0,0,0,1,1,2.3200000000000003,0,1,0,1,0,0,3,3,0,1,1,1,0,0,0
5,"January 9, 2019",VCU,LA SALLE,12:44,10:32,132,8-16,10-20,-2,CROWFIELD.MALIK,DOUGLAS.COREY,EVANS.MARCUS,SIMMS.MIKE'L,WILLIAMS.VINCE,4.88,0,3,0,3,0,0,2,2,0,2,1,2,0,1,1,3.88,1,4,1,4,0,0,2,2,1,0,1,2,2,0,1
6,"January 9, 2019",VCU,LA SALLE,10:32,09:27,65,10-20,10-25,-5,DOUGLAS.COREY,EVANS.MARCUS,SIMMS.MIKE'L,VANN.ISSAC,WILLIAMS.VINCE,2.0,0,2,0,1,0,1,0,0,0,0,0,0,0,0,1,2.0,2,3,1,2,1,1,0,0,2,0,1,2,0,0,0
7,"January 9, 2019",VCU,LA SALLE,09:27,06:51,156,10-25,14-30,-1,BYRD.PJ,JENKINS.DE'RIANTE,SANTOS-SILVA.MARCUS,SIMMS.MIKE'L,VANN.ISSAC,3.88,1,4,1,2,0,2,2,2,1,0,1,0,1,0,1,4.0,2,2,1,1,1,1,0,0,2,2,0,2,0,0,1
8,"January 9, 2019",VCU,LA SALLE,06:51,05:43,68,14-30,18-32,2,BYRD.PJ,CROWFIELD.MALIK,JENKINS.DE'RIANTE,MOBLEY.SEAN,SANTOS-SILVA.MARCUS,1.88,1,1,1,1,0,0,2,2,0,0,0,2,0,0,2,2.76,0,0,0,0,0,0,2,4,0,1,0,0,0,0,1
9,"January 9, 2019",VCU,LA SALLE,05:43,00:27,316,18-32,25-37,2,CROWFIELD.MALIK,EVANS.MARCUS,GILMORE.MICHAEL,JENKINS.DE'RIANTE,MOBLEY.SEAN,9.879999999999999,2,5,1,1,1,4,2,2,2,4,0,6,0,2,1,9.0,2,9,1,4,1,5,0,0,1,1,1,3,2,0,1
10,"January 9, 2019",VCU,LA SALLE,00:27,00:00,27,25-37,28-37,3,CROWFIELD.MALIK,EVANS.MARCUS,JENKINS.DE'RIANTE,SANTOS-SILVA.MARCUS,SIMMS.MIKE'L,1.0,1,1,0,0,1,1,0,0,1,0,0,0,0,0,0,1.0,0,0,0,0,0,0,0,0,0,1,0,0,0,0,0
11,"January 9, 2019",VCU,LA SALLE,20:00,20:00,0,28-37,28-37,0,,,,,,0.0,0,0,0,0,0,0,0,0,0,0,0,0,0,0,0,0.0,0,0,0,0,0,0,0,0,0,0,0,0,0,0,0
12,"January 9, 2019",VCU,LA SALLE,20:00,17:57,123,28-37,31-40,0,EVANS.MARCUS,MOBLEY.SEAN,SANTOS-SILVA.MARCUS,VANN.ISSAC,,2.88,1,3,1,2,0,1,1,2,0,0,1,2,0,0,3,3.44,1,3,1,1,0,2,1,1,1,0,0,2,0,0,1
13,"January 9, 2019",VCU,LA SALLE,17:57,14:32,205,31-40,41-44,6,CROWFIELD.MALIK,EVANS.MARCUS,JENKINS.DE'RIANTE,MOBLEY.SEAN,SANTOS-SILVA.MARCUS,5.88,4,5,3,3,1,2,1,2,2,1,1,1,2,0,2,4.88,1,2,1,1,0,1,2,2,1,2,0,0,0,0,4
14,"January 9, 2019",VCU,LA SALLE,14:32,14:16,16,41-44,41-44,0,DOUGLAS.COREY,,,,,0.0,0,0,0,0,0,0,0,0,0,0,0,0,0,0,1,0.0,0,0,0,0,0,0,0,0,0,0,0,1,0,0,0
15,"January 9, 2019",VCU,LA SALLE,14:16,13:45,31,41-44,43-46,0,DOUGLAS.COREY,EVANS.MARCUS,,,,1.0,1,1,1,1,0,0,0,0,1,0,0,0,1,0,1,1.88,0,2,0,2,0,0,2,2,0,1,2,0,0,0,0
16,"January 9, 2019",VCU,LA SALLE,13:45,11:17,148,43-46,47-48,2,DOUGLAS.COREY,RD.PJ,SIMMS.MIKE'L,VANN.ISSAC,WILLIAMS.VINCE,4.879999999999999,1,6,1,5,0,1,2,2,1,3,5,1,0,1,0,4.0,1,2,1,2,0,0,0,0,1,2,0,0,2,0,2
17,"January 9, 2019",VCU,LA SALLE,11:17,10:51,26,47-48,47-48,0,WILLIAMS.VINCE,,,,,0.88,0,0,0,0,0,0,0,2,0,0,0,1,0,0,0,1.0,0,1,0,1,0,0,0,0,0,0,0,0,0,0,1
18,"January 9, 2019",VCU,LA SALLE,10:51,10:35,16,47-48,48-48,1,SANTOS-SILVA.MARCUS,,,,,0.44,0,0,0,0,0,0,1,1,0,0,0,1,0,1,0,1.0,0,2,0,1,0,1,0,0,0,0,1,1,0,0,1
19,"January 9, 2019",VCU,LA SALLE,10:35,08:58,97,48-48,49-48,1,EVANS.MARCUS,MOBLEY.SEAN,SANTOS-SILVA.MARCUS,SIMMS.MIKE'L,VANN.ISSAC,4.32,0,3,0,3,0,0,1,3,0,2,2,2,1,0,1,4.0,0,2,0,1,0,1,0,0,0,2,0,2,1,0,1
20,"January 9, 2019",VCU,LA SALLE,08:58,05:55,183,49-48,54-51,2,EVANS.MARCUS,JENKINS.DE'RIANTE,MOBLEY.SEAN,SANTOS-SILVA.MARCUS,VANN.ISSAC,4.640000000000001,1,3,1,3,0,0,3,6,0,0,1,2,1,0,1,4.88,1,2,1,1,0,1,1,2,0,2,0,3,0,0,3
21,"January 9, 2019",VCU,LA SALLE,05:55,03:38,137,54-51,58-51,4,CROWFIELD.MALIK,EVANS.MARCUS,JENKINS.DE'RIANTE,SANTOS-SILVA.MARCUS,WILLIAMS.VINCE,3.0,2,4,2,4,0,0,0,0,2,0,1,2,0,0,0,4.0,0,4,0,3,0,1,0,0,0,2,2,2,0,1,1
22,"January 9, 2019",VCU,LA SALLE,03:38,00:35,183,58-51,65-59,-1,EVANS.MARCUS,JENKINS.DE'RIANTE,SANTOS-SILVA.MARCUS,VANN.ISSAC,WILLIAMS.VINCE,5.76,2,3,2,3,0,0,3,4,1,2,1,1,0,1,1,4.88,3,7,2,4,1,3,1,2,0,0,3,1,1,0,2
23,"January 9, 2019",VCU,LA SALLE,00:35,00:21,14,65-59,67-63,-2,CROWFIELD.MALIK,EVANS.MARCUS,SANTOS-SILVA.MARCUS,,,1.0,1,1,1,1,0,0,0,0,1,0,0,0,0,0,3,1.88,1,1,1,1,0,0,2,2,0,0,0,0,0,0,2
24,"January 9, 2019",VCU,LA SALLE,00:21,00:18,3,67-63,69-63,2,EVANS.MARCUS,,,,,0.88,0,0,0,0,0,0,2,2,0,0,0,0,0,0,0,0.0,0,0,0,0,0,0,0,0,0,0,0,0,0,0,1
25,"January 9, 2019",VCU,LA SALLE,00:18,00:00,18,69-63,69-63,0,WILLIAMS.VINCE,,,,,0.0,0,0,0,0,0,0,0,0,0,0,0,1,0,0,0,1.0,0,1,0,1,0,0,0,0,0,0,0,0,0,0,0
